gameweek,captured_at,source,player_id,name,club,pos,price,opponent,was_home,eligible,rank_fixture_proxy,minutes_at_deadline,rate_shrinkage_minutes,rate_shrinkage_weight,rank_score,rank_coverage,availability_penalty,z_xgi_per90,z_minutes_per_app,z_fixture_score,z_fdr_next3,z_fdr_next1,z_points_per_million,z_form,z_defcon_surplus_per90,z_defcon_hit_rate,z_bonus_per90,z_net_transfers,z_rival_ownership,rank_basis,minutes_played,actual_points
2,2026-08-28T14:01:10.605836+00:00,squad,226,Pickford,EVE,GKP,5.5,BOU,False,True,False,90,180,0.333,-0.0501,0.8,0.0,,0.5704,-0.4684,-0.9064,-0.2747,0.1618,0.1822,0.0,0.0,-0.6549,-0.1628,0.389,minutes_per_app|fixture_score|fdr_next3|fdr_next1|points_per_million|form|defcon_surplus_per90|defcon_hit_rate|bonus_per90|net_transfers|rival_ownership,90,3
2,2026-08-28T14:01:10.605836+00:00,squad,423,Shaw,MUN,DEF,4.5,IPS,True,True,False,90,180,0.333,-0.1833,1.0,0.0,-0.5515,0.5704,1.3902,0.7226,1.1942,-1.0792,-1.2314,-0.5661,-0.7108,-0.6985,-1.1164,-1.2319,xgi_per90|minutes_per_app|fixture_score|fdr_next3|fdr_next1|points_per_million|form|defcon_surplus_per90|defcon_hit_rate|bonus_per90|net_transfers|rival_ownership,72,2
2,2026-08-28T14:01:10.605836+00:00,squad,229,Tarkowski,EVE,DEF,6.0,BOU,False,True,False,90,180,0.333,-0.3527,1.0,0.0,-1.0451,0.5704,0.1359,-1.1981,-1.0362,-0.1573,-0.0534,-0.5661,-0.7108,-0.6985,-0.4062,0.2089,xgi_per90|minutes_per_app|fixture_score|fdr_next3|fdr_next1|points_per_million|form|defcon_surplus_per90|defcon_hit_rate|bonus_per90|net_transfers|rival_ownership,90,12
2,2026-08-28T14:01:10.605836+00:00,squad,8,Calafiori,ARS,DEF,5.6,AVL,False,True,False,80,180,0.308,-0.4812,1.0,0.0,-0.763,-0.7528,-0.6307,-0.4917,-1.0362,0.5636,0.6534,-0.5,-0.6459,-0.6767,1.871,-2.1324,xgi_per90|minutes_per_app|fixture_score|fdr_next3|fdr_next1|points_per_million|form|defcon_surplus_per90|defcon_hit_rate|bonus_per90|net_transfers|rival_ownership,90,11
2,2026-08-28T14:01:10.605836+00:00,squad,124,Groß,BHA,MID,5.5,CHE,False,True,False,90,180,0.333,-0.6731,1.0,0.0,-0.2694,0.5704,-1.2383,-1.8075,-2.009,-0.9137,-0.9958,-0.4391,-0.6202,-0.1759,-1.1511,-1.2319,xgi_per90|minutes_per_app|fixture_score|fdr_next3|fdr_next1|points_per_million|form|defcon_surplus_per90|defcon_hit_rate|bonus_per90|net_transfers|rival_ownership,90,13
2,2026-08-28T14:01:10.605836+00:00,squad,368,Szoboszlai,LIV,MID,7.0,NFO,True,True,False,90,180,0.333,0.2609,1.0,0.0,1.7052,0.5704,-0.9015,0.767,0.4687,0.0082,0.4178,-0.4391,-0.6202,0.5643,1.0024,-2.4926,xgi_per90|minutes_per_app|fixture_score|fdr_next3|fdr_next1|points_per_million|form|defcon_surplus_per90|defcon_hit_rate|bonus_per90|net_transfers|rival_ownership,90,4
2,2026-08-28T14:01:10.605836+00:00,squad,426,B.Fernandes,MUN,MID,12.0,IPS,True,True,False,90,180,0.333,-0.296,1.0,0.0,-0.1283,0.5704,0.914,0.2521,1.3407,-1.1383,-0.9958,-0.4391,-0.6202,-0.1759,-1.9937,-3.3931,xgi_per90|minutes_per_app|fixture_score|fdr_next3|fdr_next1|points_per_million|form|defcon_surplus_per90|defcon_hit_rate|bonus_per90|net_transfers|rival_ownership,90,23
2,2026-08-28T14:01:10.605836+00:00,squad,427,Mbeumo,MUN,MID,8.0,IPS,True,True,False,90,180,0.333,0.0143,1.0,0.0,0.7884,0.5704,0.914,0.2521,1.3407,-1.0437,-0.9958,-0.4391,-0.6202,-0.1759,-1.6154,-1.7722,xgi_per90|minutes_per_app|fixture_score|fdr_next3|fdr_next1|points_per_million|form|defcon_surplus_per90|defcon_hit_rate|bonus_per90|net_transfers|rival_ownership,90,11
2,2026-08-28T14:01:10.605836+00:00,squad,346,Calvert-Lewin,LEE,FWD,6.0,BRE,True,True,False,90,180,0.333,-0.2462,1.0,0.0,0.1537,0.5704,0.5077,0.6693,0.6187,-1.1383,-1.2314,0.0,0.0,-1.3298,-1.3224,-2.3125,xgi_per90|minutes_per_app|fixture_score|fdr_next3|fdr_next1|points_per_million|form|defcon_surplus_per90|defcon_hit_rate|bonus_per90|net_transfers|rival_ownership,90,8
2,2026-08-28T14:01:10.605836+00:00,squad,411,Haaland,MCI,FWD,15.5,CRY,False,True,False,90,180,0.333,-0.172,1.0,0.0,1.6347,0.5704,0.0736,-0.9941,-1.0577,-1.1856,-0.9958,0.0,0.0,-1.3298,-0.7738,-2.8528,xgi_per90|minutes_per_app|fixture_score|fdr_next3|fdr_next1|points_per_million|form|defcon_surplus_per90|defcon_hit_rate|bonus_per90|net_transfers|rival_ownership,90,13
2,2026-08-28T14:01:10.605836+00:00,squad,165,João Pedro,CHE,FWD,7.6,BHA,True,True,False,90,180,0.333,0.3902,1.0,0.0,1.4231,0.5704,-0.3983,0.6251,0.6187,0.3745,1.1246,0.0,0.0,0.1289,2.6559,-3.213,xgi_per90|minutes_per_app|fixture_score|fdr_next3|fdr_next1|points_per_million|form|defcon_surplus_per90|defcon_hit_rate|bonus_per90|net_transfers|rival_ownership,90,9
2,2026-08-28T14:01:10.605836+00:00,squad,109,Verbruggen,BHA,GKP,4.5,CHE,False,True,False,90,180,0.333,-0.307,0.8,0.0,,0.5704,-0.9229,-0.4867,-1.0641,0.2327,-0.0534,0.0,0.0,-0.6549,-0.134,-2.3125,minutes_per_app|fixture_score|fdr_next3|fdr_next1|points_per_million|form|defcon_surplus_per90|defcon_hit_rate|bonus_per90|net_transfers|rival_ownership,90,0
2,2026-08-28T14:01:10.605836+00:00,squad,259,Diop,IPS,DEF,4.0,MUN,False,True,False,90,180,0.333,-1.15,1.0,0.0,-1.1157,0.5704,-3.3659,-2.1689,-1.9802,-0.7483,-0.9958,-0.5661,-0.7108,-0.6985,-0.8404,-0.8717,xgi_per90|minutes_per_app|fixture_score|fdr_next3|fdr_next1|points_per_million|form|defcon_surplus_per90|defcon_hit_rate|bonus_per90|net_transfers|rival_ownership,90,2
2,2026-08-28T14:01:10.605836+00:00,squad,212,Hughes,CRY,MID,4.5,MCI,True,True,True,0,180,,-1.5645,0.5,0.0,,,1.0238,1.0012,-0.3059,-1.3392,-1.467,,,,-1.0662,0.2089,fixture_score|fdr_next3|fdr_next1|points_per_million|form|net_transfers|rival_ownership,0,0
2,2026-08-28T14:01:10.605836+00:00,squad,175,van Ewijk,COV,DEF,4.0,HUL,True,True,False,90,180,0.333,-0.4174,1.0,0.0,-1.1157,0.5704,-0.2125,0.3859,1.1942,-1.0437,-1.2314,-0.5661,-0.7108,-0.6985,-0.6216,0.2089,xgi_per90|minutes_per_app|fixture_score|fdr_next3|fdr_next1|points_per_million|form|defcon_surplus_per90|defcon_hit_rate|bonus_per90|net_transfers|rival_ownership,90,2
2,2026-08-28T14:01:10.605836+00:00,watchlist,115,De Cuyper,BHA,DEF,4.6,CHE,False,True,False,77,180,0.3,0.9557,1.0,0.0,3.0451,-1.1498,0.0023,-0.7653,-1.9802,3.0338,2.5382,-0.5,-0.6459,0.8691,3.5891,0.5691,xgi_per90|minutes_per_app|fixture_score|fdr_next3|fdr_next1|points_per_million|form|defcon_surplus_per90|defcon_hit_rate|bonus_per90|net_transfers|rival_ownership,90,0
2,2026-08-28T14:01:10.605836+00:00,watchlist,335,Stach,LEE,MID,6.0,BRE,True,True,False,90,180,0.333,0.8133,1.0,0.0,-0.5515,0.5704,0.2698,0.4433,0.4687,1.2255,1.5958,4.415,1.7136,2.0013,0.069,0.5691,xgi_per90|minutes_per_app|fixture_score|fdr_next3|fdr_next1|points_per_million|form|defcon_surplus_per90|defcon_hit_rate|bonus_per90|net_transfers|rival_ownership,90,4
2,2026-08-28T14:01:10.605836+00:00,watchlist,385,Trafford,LEE,GKP,5.0,BRE,True,True,False,90,180,0.333,0.6063,0.8,0.0,,0.5704,1.3893,1.3932,1.3388,0.7882,0.6534,0.0,0.0,0.8038,-0.059,0.5691,minutes_per_app|fixture_score|fdr_next3|fdr_next1|points_per_million|form|defcon_surplus_per90|defcon_hit_rate|bonus_per90|net_transfers|rival_ownership,90,3
2,2026-08-28T14:01:10.605836+00:00,watchlist,68,Tavernier,BOU,MID,6.0,EVE,True,True,False,90,180,0.333,0.6059,1.0,0.0,0.2243,0.5704,1.1043,0.9892,0.4687,0.6346,0.889,-0.4391,-0.6202,2.0013,0.1055,0.5691,xgi_per90|minutes_per_app|fixture_score|fdr_next3|fdr_next1|points_per_million|form|defcon_surplus_per90|defcon_hit_rate|bonus_per90|net_transfers|rival_ownership,90,1
2,2026-08-28T14:01:10.605836+00:00,watchlist,464,Wissa,NEW,FWD,6.0,TOT,False,True,False,90,180,0.333,0.495,1.0,0.0,2.1989,0.5704,1.3382,-0.6601,-1.0577,-0.5473,-0.5246,0.0,0.0,-1.3298,0.5893,0.5691,xgi_per90|minutes_per_app|fixture_score|fdr_next3|fdr_next1|points_per_million|form|defcon_surplus_per90|defcon_hit_rate|bonus_per90|net_transfers|rival_ownership,81,8
2,2026-08-28T14:01:10.605836+00:00,watchlist,327,Bijol,LEE,DEF,5.0,BRE,True,True,False,90,180,0.333,0.4927,1.0,0.0,-0.9041,0.5704,0.6818,1.1734,0.8934,1.0246,0.889,1.6495,1.4942,0.7385,-0.1672,0.5691,xgi_per90|minutes_per_app|fixture_score|fdr_next3|fdr_next1|points_per_million|form|defcon_surplus_per90|defcon_hit_rate|bonus_per90|net_transfers|rival_ownership,45,1
2,2026-08-28T14:01:10.605836+00:00,watchlist,367,Gakpo,LIV,MID,7.0,NFO,True,True,False,90,180,0.333,0.4674,1.0,0.0,0.1537,0.5704,-0.9015,0.767,0.4687,0.6818,1.3602,-0.4391,1.7136,2.0013,1.0004,0.5691,xgi_per90|minutes_per_app|fixture_score|fdr_next3|fdr_next1|points_per_million|form|defcon_surplus_per90|defcon_hit_rate|bonus_per90|net_transfers|rival_ownership,70,5
2,2026-08-28T14:01:10.605836+00:00,watchlist,332,Justin,LEE,DEF,4.5,BRE,True,True,False,90,180,0.333,0.4667,1.0,0.0,-1.1157,0.5704,0.6818,1.1734,0.8934,1.2846,0.889,1.6495,1.4942,0.7385,-0.1993,0.5691,xgi_per90|minutes_per_app|fixture_score|fdr_next3|fdr_next1|points_per_million|form|defcon_surplus_per90|defcon_hit_rate|bonus_per90|net_transfers|rival_ownership,90,2
2,2026-08-28T14:01:10.605836+00:00,watchlist,154,Palmer,CHE,MID,9.5,BHA,True,True,False,82,180,0.313,0.3343,1.0,0.0,0.2948,-0.4882,-0.6087,0.3968,0.4687,0.28,1.5958,-0.4026,-0.5495,2.1319,2.35,0.389,xgi_per90|minutes_per_app|fixture_score|fdr_next3|fdr_next1|points_per_million|form|defcon_surplus_per90|defcon_hit_rate|bonus_per90|net_transfers|rival_ownership,90,7
2,2026-08-28T14:01:10.605836+00:00,watchlist,210,Wharton,CRY,MID,5.5,MCI,True,True,False,90,180,0.333,0.3178,1.0,0.0,-0.3399,0.5704,1.0238,1.0012,-0.3059,-0.4764,-0.5246,2.0062,1.7136,-0.1759,-0.4865,0.5691,xgi_per90|minutes_per_app|fixture_score|fdr_next3|fdr_next1|points_per_million|form|defcon_surplus_per90|defcon_hit_rate|bonus_per90|net_transfers|rival_ownership,90,2
2,2026-08-28T14:01:10.605836+00:00,watchlist,569,Gonzalo,FUL,FWD,6.0,SUN,False,True,False,90,180,0.333,0.317,1.0,0.0,1.5642,0.5704,0.5266,-1.1546,-0.539,-0.1573,-0.0534,0.0,0.0,-1.3298,0.5801,0.5691,xgi_per90|minutes_per_app|fixture_score|fdr_next3|fdr_next1|points_per_million|form|defcon_surplus_per90|defcon_hit_rate|bonus_per90|net_transfers|rival_ownership,90,2
2,2026-08-28T14:01:10.605836+00:00,watchlist,40,Rogers,CHE,MID,7.5,BHA,True,True,False,81,180,0.31,0.3136,1.0,0.0,1.7052,-0.6205,-0.6087,0.3968,0.4687,-0.0746,0.4178,-0.4026,-0.5495,0.6297,1.0456,0.389,xgi_per90|minutes_per_app|fixture_score|fdr_next3|fdr_next1|points_per_million|form|defcon_surplus_per90|defcon_hit_rate|bonus_per90|net_transfers|rival_ownership,90,5
2,2026-08-28T14:01:10.605836+00:00,watchlist,214,Kamada,CRY,MID,5.0,MCI,True,True,False,90,180,0.333,0.2981,1.0,0.0,-0.2694,0.5704,1.0238,1.0012,-0.3059,-0.6301,-0.7602,2.0062,1.7136,-0.1759,-0.4866,0.5691,xgi_per90|minutes_per_app|fixture_score|fdr_next3|fdr_next1|points_per_million|form|defcon_surplus_per90|defcon_hit_rate|bonus_per90|net_transfers|rival_ownership,90,2
2,2026-08-28T14:01:10.605836+00:00,watchlist,388,Guéhi,MCI,DEF,6.0,CRY,False,True,False,90,180,0.333,0.2979,1.0,0.0,1.7052,0.5704,-1.0778,-1.2913,-1.0362,0.6346,0.889,-0.5661,-0.7108,0.7385,0.7273,0.0288,xgi_per90|minutes_per_app|fixture_score|fdr_next3|fdr_next1|points_per_million|form|defcon_surplus_per90|defcon_hit_rate|bonus_per90|net_transfers|rival_ownership,90,2
2,2026-08-28T14:01:10.605836+00:00,watchlist,86,Lewis-Potter,BRE,MID,5.5,LEE,False,True,False,90,180,0.333,0.2913,1.0,0.0,1.141,0.5704,-0.9674,-0.9981,-0.9051,0.8118,0.889,-0.4391,-0.6202,1.2828,-0.1131,0.5691,xgi_per90|minutes_per_app|fixture_score|fdr_next3|fdr_next1|points_per_million|form|defcon_surplus_per90|defcon_hit_rate|bonus_per90|net_transfers|rival_ownership,87,6
2,2026-08-28T14:01:10.605836+00:00,watchlist,379,Isak,LIV,FWD,9.0,NFO,True,True,False,90,180,0.333,0.2562,1.0,0.0,2.4104,0.5704,-0.7003,0.9771,0.6187,-1.0792,-0.9958,0.0,0.0,-1.3298,-0.722,-0.1513,xgi_per90|minutes_per_app|fixture_score|fdr_next3|fdr_next1|points_per_million|form|defcon_surplus_per90|defcon_hit_rate|bonus_per90|net_transfers|rival_ownership,90,8
2,2026-08-28T14:01:10.605836+00:00,watchlist,565,M.Sangaré,BRE,MID,5.6,LEE,False,True,False,75,180,0.294,0.2355,1.0,0.0,0.1537,-1.4145,-0.9674,-0.9981,-0.9051,1.6155,1.8314,0.9113,1.5721,2.219,3.0378,-0.5115,xgi_per90|minutes_per_app|fixture_score|fdr_next3|fdr_next1|points_per_million|form|defcon_surplus_per90|defcon_hit_rate|bonus_per90|net_transfers|rival_ownership,90,4
2,2026-08-28T14:01:10.605836+00:00,watchlist,586,Mendy,HUL,DEF,4.0,COV,False,True,False,63,180,0.259,0.1915,1.0,0.0,-0.2694,-3.0024,-0.2532,-0.9426,-0.0922,3.0929,2.067,3.2368,1.1699,0.1942,0.8042,0.5691,xgi_per90|minutes_per_app|fixture_score|fdr_next3|fdr_next1|points_per_million|form|defcon_surplus_per90|defcon_hit_rate|bonus_per90|net_transfers|rival_ownership,58,1
2,2026-08-28T14:01:10.605836+00:00,watchlist,98,Janelt,BRE,MID,5.0,LEE,False,True,False,90,180,0.333,0.1675,1.0,0.0,0.3653,0.5704,-0.9674,-0.9981,-0.9051,0.7882,0.6534,0.7653,1.7136,-0.1759,-0.2443,0.5691,xgi_per90|minutes_per_app|fixture_score|fdr_next3|fdr_next1|points_per_million|form|defcon_surplus_per90|defcon_hit_rate|bonus_per90|net_transfers|rival_ownership,90,1
2,2026-08-28T14:01:10.605836+00:00,watchlist,88,Kayode,BRE,DEF,4.6,LEE,False,True,False,75,180,0.294,0.1429,1.0,0.0,0.1537,-1.4145,-0.3577,-0.0258,-0.0922,2.0056,1.5958,-0.5,-0.5811,0.1071,2.0262,0.5691,xgi_per90|minutes_per_app|fixture_score|fdr_next3|fdr_next1|points_per_million|form|defcon_surplus_per90|defcon_hit_rate|bonus_per90|net_transfers|rival_ownership,87,2
2,2026-08-28T14:01:10.605836+00:00,watchlist,449,Hall,NEW,DEF,5.0,TOT,False,True,False,90,180,0.333,0.127,1.0,0.0,-0.3399,0.5704,1.5064,-0.0228,-1.0362,-0.6301,-0.7602,0.5582,1.4942,-0.6985,-0.1867,0.5691,xgi_per90|minutes_per_app|fixture_score|fdr_next3|fdr_next1|points_per_million|form|defcon_surplus_per90|defcon_hit_rate|bonus_per90|net_transfers|rival_ownership,90,11
2,2026-08-28T14:01:10.605836+00:00,watchlist,236,Dewsbury-Hall,EVE,MID,6.5,BOU,False,True,False,90,180,0.333,0.09,1.0,0.0,-0.2694,0.5704,-0.3378,-1.9229,-1.5206,0.6582,1.1246,-0.4391,-0.6202,2.0013,0.4191,0.5691,xgi_per90|minutes_per_app|fixture_score|fdr_next3|fdr_next1|points_per_million|form|defcon_surplus_per90|defcon_hit_rate|bonus_per90|net_transfers|rival_ownership,90,2
2,2026-08-28T14:01:10.605836+00:00,watchlist,10,White,ARS,DEF,5.5,AVL,False,True,False,90,180,0.333,0.0831,1.0,0.0,-0.2694,0.5704,-0.6307,-0.4917,-1.0362,1.0246,1.1246,-0.5661,-0.7108,0.7385,0.5358,0.389,xgi_per90|minutes_per_app|fixture_score|fdr_next3|fdr_next1|points_per_million|form|defcon_surplus_per90|defcon_hit_rate|bonus_per90|net_transfers|rival_ownership,90,7
2,2026-08-28T14:01:10.605836+00:00,watchlist,200,Lacroix,CHE,DEF,6.0,BHA,True,True,False,90,180,0.333,0.0588,1.0,0.0,-0.6925,0.5704,-0.4739,0.446,0.8934,-0.1573,-0.0534,1.6495,1.4942,-0.6985,-0.313,0.5691,xgi_per90|minutes_per_app|fixture_score|fdr_next3|fdr_next1|points_per_million|form|defcon_surplus_per90|defcon_hit_rate|bonus_per90|net_transfers|rival_ownership,90,1
2,2026-08-28T14:01:10.605836+00:00,watchlist,502,Robertson,TOT,DEF,4.5,NEW,True,True,False,90,180,0.333,0.0504,1.0,0.0,-1.0451,0.5704,1.0941,1.0502,0.8934,-0.5473,-0.7602,0.5582,1.4942,-0.6985,-0.4868,0.389,xgi_per90|minutes_per_app|fixture_score|fdr_next3|fdr_next1|points_per_million|form|defcon_surplus_per90|defcon_hit_rate|bonus_per90|net_transfers|rival_ownership,67,2
2,2026-08-28T14:01:10.605836+00:00,watchlist,338,Ampadu,LEE,MID,5.5,BRE,True,True,False,90,180,0.333,0.0491,1.0,0.0,-0.8336,0.5704,0.2698,0.4433,0.4687,-0.2637,-0.289,0.7653,1.7136,-0.1759,-0.5181,0.389,xgi_per90|minutes_per_app|fixture_score|fdr_next3|fdr_next1|points_per_million|form|defcon_surplus_per90|defcon_hit_rate|bonus_per90|net_transfers|rival_ownership,90,2
2,2026-08-28T14:01:10.605836+00:00,watchlist,237,Ndiaye,EVE,MID,6.0,BOU,False,True,False,90,180,0.333,0.0412,1.0,0.0,0.3653,0.5704,-0.3378,-1.9229,-1.5206,0.4336,0.6534,-0.4391,1.7136,0.5643,0.0711,-0.6916,xgi_per90|minutes_per_app|fixture_score|fdr_next3|fdr_next1|points_per_million|form|defcon_surplus_per90|defcon_hit_rate|bonus_per90|net_transfers|rival_ownership,90,4
2,2026-08-28T14:01:10.605836+00:00,watchlist,79,Evanilson,BOU,FWD,6.0,EVE,True,True,False,74,180,0.291,0.0378,1.0,0.0,0.5063,-1.5468,1.3684,1.1883,0.6187,-0.5473,-0.5246,0.0,0.0,-1.3081,-0.0408,0.5691,xgi_per90|minutes_per_app|fixture_score|fdr_next3|fdr_next1|points_per_million|form|defcon_surplus_per90|defcon_hit_rate|bonus_per90|net_transfers|rival_ownership,80,5
2,2026-08-28T14:01:10.605836+00:00,watchlist,279,Ajayi,HUL,DEF,4.0,COV,False,True,False,63,180,0.259,0.0019,1.0,0.0,0.3653,-3.0024,-0.2532,-0.9426,-0.0922,2.7974,1.8314,-0.4339,-0.5162,0.9998,0.0219,0.5691,xgi_per90|minutes_per_app|fixture_score|fdr_next3|fdr_next1|points_per_million|form|defcon_surplus_per90|defcon_hit_rate|bonus_per90|net_transfers|rival_ownership,90,6
2,2026-08-28T14:01:10.605836+00:00,watchlist,544,Xhaka,SUN,MID,5.5,FUL,True,True,False,90,180,0.333,-0.0027,1.0,0.0,-0.6925,0.5704,-1.7288,-0.6158,0.4687,0.5991,0.6534,0.7653,1.7136,1.2828,-0.2774,0.389,xgi_per90|minutes_per_app|fixture_score|fdr_next3|fdr_next1|points_per_million|form|defcon_surplus_per90|defcon_hit_rate|bonus_per90|net_transfers|rival_ownership,90,6
2,2026-08-28T14:01:10.605836+00:00,watchlist,454,Elanga,NEW,MID,6.0,TOT,False,True,False,75,180,0.294,-0.02,1.0,0.0,-0.2694,-1.4145,1.075,-0.9551,-1.5206,0.4336,0.6534,-0.3661,-0.5495,1.457,0.2082,0.5691,xgi_per90|minutes_per_app|fixture_score|fdr_next3|fdr_next1|points_per_million|form|defcon_surplus_per90|defcon_hit_rate|bonus_per90|net_transfers|rival_ownership,81,8
2,2026-08-28T14:01:10.605836+00:00,watchlist,329,Rodon,LEE,DEF,4.5,BRE,True,True,False,90,180,0.333,-0.0293,1.0,0.0,-0.9746,0.5704,0.6818,1.1734,0.8934,0.2327,-0.0534,-0.5661,-0.7108,-0.6985,-0.4047,0.0288,xgi_per90|minutes_per_app|fixture_score|fdr_next3|fdr_next1|points_per_million|form|defcon_surplus_per90|defcon_hit_rate|bonus_per90|net_transfers|rival_ownership,33,1
2,2026-08-28T14:01:10.605836+00:00,watchlist,330,Bogle,LEE,DEF,4.5,BRE,True,True,False,90,180,0.333,-0.0372,1.0,0.0,-1.1862,0.5704,0.6818,1.1734,0.8934,0.2327,-0.0534,-0.5661,-0.7108,-0.6985,-0.4513,0.5691,xgi_per90|minutes_per_app|fixture_score|fdr_next3|fdr_next1|points_per_million|form|defcon_surplus_per90|defcon_hit_rate|bonus_per90|net_transfers|rival_ownership,67,2
2,2026-08-28T14:01:10.605836+00:00,watchlist,334,Muharemović,LEE,DEF,5.0,BRE,True,True,False,90,180,0.333,-0.0391,1.0,0.0,-0.9746,0.5704,0.6818,1.1734,0.8934,0.0791,-0.0534,-0.5661,-0.7108,-0.6985,-0.3896,0.0288,xgi_per90|minutes_per_app|fixture_score|fdr_next3|fdr_next1|points_per_million|form|defcon_surplus_per90|defcon_hit_rate|bonus_per90|net_transfers|rival_ownership,90,4
2,2026-08-28T14:01:10.605836+00:00,watchlist,514,Tel,TOT,MID,6.0,NEW,True,True,False,90,180,0.333,-0.0447,1.0,0.0,-0.622,0.5704,1.2837,0.3158,0.4687,-0.9492,-0.9958,-0.4391,-0.6202,-0.1759,-0.5284,0.5691,xgi_per90|minutes_per_app|fixture_score|fdr_next3|fdr_next1|points_per_million|form|defcon_surplus_per90|defcon_hit_rate|bonus_per90|net_transfers|rival_ownership,67,2
2,2026-08-28T14:01:10.605836+00:00,watchlist,69,Scott,BOU,MID,6.0,EVE,True,True,False,90,180,0.333,-0.0797,1.0,0.0,-0.9041,0.5704,1.1043,0.9892,0.4687,-0.9492,-0.9958,-0.4391,-0.6202,-0.1759,-0.5148,0.5691,xgi_per90|minutes_per_app|fixture_score|fdr_next3|fdr_next1|points_per_million|form|defcon_surplus_per90|defcon_hit_rate|bonus_per90|net_transfers|rival_ownership,86,12
2,2026-08-28T14:01:10.605836+00:00,watchlist,67,Rayan,BOU,MID,6.5,EVE,True,True,False,88,180,0.328,-0.0853,1.0,0.0,-0.763,0.3058,1.1043,0.9892,0.4687,-0.9728,-0.9958,-0.4391,-0.6202,-0.1541,-0.4654,0.5691,xgi_per90|minutes_per_app|fixture_score|fdr_next3|fdr_next1|points_per_million|form|defcon_surplus_per90|defcon_hit_rate|bonus_per90|net_transfers|rival_ownership,90,2
2,2026-08-28T14:01:10.605836+00:00,watchlist,356,Virgil,LIV,DEF,6.5,NFO,True,True,False,90,180,0.333,-0.0857,1.0,0.0,-0.5515,0.5704,-0.137,1.5041,0.8934,-0.9728,-0.9958,0.5582,1.4942,-0.6985,-0.5137,-0.3314,xgi_per90|minutes_per_app|fixture_score|fdr_next3|fdr_next1|points_per_million|form|defcon_surplus_per90|defcon_hit_rate|bonus_per90|net_transfers|rival_ownership,90,1
2,2026-08-28T14:01:10.605836+00:00,watchlist,418,Maguire,MUN,DEF,5.0,IPS,True,True,False,90,180,0.333,-0.0941,1.0,0.0,-0.1283,0.5704,1.3902,0.7226,1.1942,-1.1028,-1.2314,-0.5661,-0.7108,-0.6985,-0.9322,-1.2319,xgi_per90|minutes_per_app|fixture_score|fdr_next3|fdr_next1|points_per_million|form|defcon_surplus_per90|defcon_hit_rate|bonus_per90|net_transfers|rival_ownership,90,4
2,2026-08-28T14:01:10.605836+00:00,watchlist,87,Ajer,BRE,DEF,4.5,LEE,False,True,False,90,180,0.333,-0.1078,1.0,0.0,-0.8336,0.5704,-0.3577,-0.0258,-0.0922,0.7646,0.4178,-0.5661,1.4942,-0.6985,-0.0237,-0.3314,xgi_per90|minutes_per_app|fixture_score|fdr_next3|fdr_next1|points_per_million|form|defcon_surplus_per90|defcon_hit_rate|bonus_per90|net_transfers|rival_ownership,90,3
2,2026-08-28T14:01:10.605836+00:00,watchlist,84,Collins,BRE,DEF,5.5,LEE,False,True,False,90,180,0.333,-0.1205,1.0,0.0,-0.2694,0.5704,-0.3577,-0.0258,-0.0922,-0.0509,-0.0534,-0.5661,-0.7108,-0.6985,-0.3406,0.5691,xgi_per90|minutes_per_app|fixture_score|fdr_next3|fdr_next1|points_per_million|form|defcon_surplus_per90|defcon_hit_rate|bonus_per90|net_transfers|rival_ownership,90,3
2,2026-08-28T14:01:10.605836+00:00,watchlist,428,Cunha,MUN,MID,8.0,IPS,True,True,False,79,180,0.305,-0.1321,1.0,0.0,0.2243,-0.8852,0.914,0.2521,1.3407,-1.0437,-0.9958,-0.4026,-0.5495,-0.1106,-1.036,0.2089,xgi_per90|minutes_per_app|fixture_score|fdr_next3|fdr_next1|points_per_million|form|defcon_surplus_per90|defcon_hit_rate|bonus_per90|net_transfers|rival_ownership,79,9
2,2026-08-28T14:01:10.605836+00:00,watchlist,258,Castagne,FUL,DEF,4.5,SUN,False,True,False,90,180,0.333,-0.143,1.0,0.0,-0.5515,0.5704,0.2636,-1.0147,-0.0922,0.2327,-0.0534,-0.5661,-0.7108,-0.6985,-0.4006,0.5691,xgi_per90|minutes_per_app|fixture_score|fdr_next3|fdr_next1|points_per_million|form|defcon_surplus_per90|defcon_hit_rate|bonus_per90|net_transfers|rival_ownership,67,6
2,2026-08-28T14:01:10.605836+00:00,watchlist,522,Gray,TOT,MID,5.0,NEW,True,True,False,85,180,0.321,-0.1629,1.0,0.0,-0.8336,-0.0912,1.2837,0.3158,0.4687,-0.8664,-0.9958,-0.4026,-0.6202,-0.1324,-0.4838,0.5691,xgi_per90|minutes_per_app|fixture_score|fdr_next3|fdr_next1|points_per_million|form|defcon_surplus_per90|defcon_hit_rate|bonus_per90|net_transfers|rival_ownership,67,2
2,2026-08-28T14:01:10.605836+00:00,watchlist,290,Slater,HUL,MID,4.5,COV,False,True,False,90,180,0.333,-0.1791,1.0,0.0,0.0832,0.5704,-0.8759,-1.5406,-0.9051,0.2327,-0.0534,-0.4391,-0.6202,-0.1759,0.1015,0.389,xgi_per90|minutes_per_app|fixture_score|fdr_next3|fdr_next1|points_per_million|form|defcon_surplus_per90|defcon_hit_rate|bonus_per90|net_transfers|rival_ownership,90,2
2,2026-08-28T14:01:10.605836+00:00,watchlist,104,Onyeka,COV,MID,5.0,HUL,True,True,False,90,180,0.333,-0.2028,1.0,0.0,-0.9041,0.5704,0.0428,0.7257,1.3407,-0.8664,-0.9958,-0.4391,-0.6202,-0.1759,-0.4708,0.5691,xgi_per90|minutes_per_app|fixture_score|fdr_next3|fdr_next1|points_per_million|form|defcon_surplus_per90|defcon_hit_rate|bonus_per90|net_transfers|rival_ownership,0,0
2,2026-08-28T14:01:10.605836+00:00,watchlist,184,Grimes,COV,MID,5.0,HUL,True,True,False,90,180,0.333,-0.2028,1.0,0.0,-0.9041,0.5704,0.0428,0.7257,1.3407,-0.8664,-0.9958,-0.4391,-0.6202,-0.1759,-0.4725,0.5691,xgi_per90|minutes_per_app|fixture_score|fdr_next3|fdr_next1|points_per_million|form|defcon_surplus_per90|defcon_hit_rate|bonus_per90|net_transfers|rival_ownership,90,2
2,2026-08-28T14:01:10.605836+00:00,watchlist,391,Gvardiol,MCI,DEF,5.5,CRY,False,True,False,90,180,0.333,-0.2162,1.0,0.0,-0.622,0.5704,-1.0778,-1.2913,-1.0362,0.5991,0.6534,-0.5661,-0.7108,0.02,1.1211,0.2089,xgi_per90|minutes_per_app|fixture_score|fdr_next3|fdr_next1|points_per_million|form|defcon_surplus_per90|defcon_hit_rate|bonus_per90|net_transfers|rival_ownership,74,5
2,2026-08-28T14:01:10.605836+00:00,watchlist,70,Kluivert,BOU,MID,6.0,EVE,True,True,False,74,180,0.291,-0.2371,1.0,0.0,-0.5515,-1.5468,1.1043,0.9892,0.4687,-0.7483,-0.7602,-0.3661,-0.5495,-0.0671,-0.4259,0.5691,xgi_per90|minutes_per_app|fixture_score|fdr_next3|fdr_next1|points_per_million|form|defcon_surplus_per90|defcon_hit_rate|bonus_per90|net_transfers|rival_ownership,80,3
2,2026-08-28T14:01:10.605836+00:00,watchlist,94,Schade,BRE,MID,6.0,LEE,False,True,False,90,180,0.333,-0.2686,1.0,0.0,0.2948,0.5704,-0.9674,-0.9981,-0.9051,-0.7483,-0.7602,-0.4391,-0.6202,-0.1759,-0.4887,0.389,xgi_per90|minutes_per_app|fixture_score|fdr_next3|fdr_next1|points_per_million|form|defcon_surplus_per90|defcon_hit_rate|bonus_per90|net_transfers|rival_ownership,87,10
2,2026-08-28T14:01:10.605836+00:00,watchlist,71,Cook,BOU,MID,5.0,EVE,True,True,False,75,180,0.294,-0.2707,1.0,0.0,-0.8336,-1.4145,1.1043,0.9892,0.4687,-0.6301,-0.7602,-0.3661,-0.5495,-0.0888,-0.4642,0.5691,xgi_per90|minutes_per_app|fixture_score|fdr_next3|fdr_next1|points_per_million|form|defcon_surplus_per90|defcon_hit_rate|bonus_per90|net_transfers|rival_ownership,68,3
2,2026-08-28T14:01:10.605836+00:00,watchlist,26,Havertz,ARS,FWD,7.5,AVL,False,True,False,90,180,0.333,-0.291,1.0,0.0,0.5063,0.5704,-2.214,-1.0563,-1.0577,-0.3937,-0.0534,0.0,0.0,-1.3298,0.8064,0.389,xgi_per90|minutes_per_app|fixture_score|fdr_next3|fdr_next1|points_per_million|form|defcon_surplus_per90|defcon_hit_rate|bonus_per90|net_transfers|rival_ownership,90,2
2,2026-08-28T14:01:10.605836+00:00,watchlist,190,Tchaouna,COV,MID,5.5,HUL,True,True,False,81,180,0.31,-0.3131,1.0,0.0,-0.6925,-0.6205,0.0428,0.7257,1.3407,-0.9137,-0.9958,-0.4026,-0.5495,-0.1106,-0.4676,0.5691,xgi_per90|minutes_per_app|fixture_score|fdr_next3|fdr_next1|points_per_million|form|defcon_surplus_per90|defcon_hit_rate|bonus_per90|net_transfers|rival_ownership,58,1
2,2026-08-28T14:01:10.605836+00:00,watchlist,337,Aaronson,LEE,MID,5.5,BRE,True,True,False,81,180,0.31,-0.3223,1.0,0.0,-0.8336,-0.6205,0.2698,0.4433,0.4687,-0.6892,-0.7602,-0.4026,-0.5495,-0.1106,-0.5242,0.5691,xgi_per90|minutes_per_app|fixture_score|fdr_next3|fdr_next1|points_per_million|form|defcon_surplus_per90|defcon_hit_rate|bonus_per90|net_transfers|rival_ownership,45,1
2,2026-08-28T14:01:10.605836+00:00,watchlist,15,Ødegaard,ARS,MID,6.6,AVL,False,True,False,75,180,0.294,-0.327,1.0,0.0,-0.0578,-1.4145,-2.3693,-1.3718,-1.5206,0.6346,1.1246,-0.3661,-0.5495,2.219,1.7186,0.2089,xgi_per90|minutes_per_app|fixture_score|fdr_next3|fdr_next1|points_per_million|form|defcon_surplus_per90|defcon_hit_rate|bonus_per90|net_transfers|rival_ownership,70,3
2,2026-08-28T14:01:10.605836+00:00,watchlist,195,Simms,COV,FWD,5.0,HUL,True,True,False,69,180,0.277,-0.3533,1.0,0.0,0.0832,-2.2085,0.2737,0.9378,1.3535,-0.8664,-0.9958,0.0,0.0,-1.3081,-0.3904,0.5691,xgi_per90|minutes_per_app|fixture_score|fdr_next3|fdr_next1|points_per_million|form|defcon_surplus_per90|defcon_hit_rate|bonus_per90|net_transfers|rival_ownership,0,0
2,2026-08-28T14:01:10.605836+00:00,watchlist,194,Thomas-Asante,COV,FWD,5.0,HUL,True,True,False,69,180,0.277,-0.3544,1.0,0.0,0.0832,-2.2085,0.2737,0.9378,1.3535,-0.8664,-0.9958,0.0,0.0,-1.3081,-0.4235,0.5691,xgi_per90|minutes_per_app|fixture_score|fdr_next3|fdr_next1|points_per_million|form|defcon_surplus_per90|defcon_hit_rate|bonus_per90|net_transfers|rival_ownership,32,1
2,2026-08-28T14:01:10.605836+00:00,watchlist,125,Georginio,BHA,FWD,5.5,CHE,False,True,False,90,180,0.333,-0.3565,1.0,0.25,1.0705,0.5704,-1.0476,-1.4705,-1.4692,-0.2637,-0.289,0.0,0.0,-1.3298,-0.3828,0.5691,xgi_per90|minutes_per_app|fixture_score|fdr_next3|fdr_next1|points_per_million|form|defcon_surplus_per90|defcon_hit_rate|bonus_per90|net_transfers|rival_ownership,0,0
2,2026-08-28T14:01:10.605836+00:00,watchlist,123,Hinshelwood,BHA,MID,6.0,CHE,False,False,False,63,180,0.259,-0.3782,1.0,0.75,2.9746,-3.0024,-1.2383,-1.8075,-2.009,1.8165,2.3026,-0.3296,-0.4788,2.415,0.5233,0.5691,xgi_per90|minutes_per_app|fixture_score|fdr_next3|fdr_next1|points_per_million|form|defcon_surplus_per90|defcon_hit_rate|bonus_per90|net_transfers|rival_ownership,0,0
2,2026-08-28T14:01:10.605836+00:00,watchlist,371,Gravenberch,LIV,MID,6.0,NFO,True,True,False,77,180,0.3,-0.423,1.0,0.0,-0.5515,-1.1498,-0.9015,0.767,0.4687,-0.3582,-0.289,-0.4026,-0.5495,-0.0888,-0.4803,0.2089,xgi_per90|minutes_per_app|fixture_score|fdr_next3|fdr_next1|points_per_million|form|defcon_surplus_per90|defcon_hit_rate|bonus_per90|net_transfers|rival_ownership,19,1
3,2026-09-04T07:12:46.191633+00:00,squad,226,Pickford,EVE,GKP,5.5,MUN,True,True,False,180,180,0.5,-0.2514,0.8,0.0,,0.6293,-1.1431,-0.5667,-1.7223,-0.128,-0.2773,0.0,0.0,-0.936,-0.3867,0.3573,minutes_per_app|fixture_score|fdr_next3|fdr_next1|points_per_million|form|defcon_surplus_per90|defcon_hit_rate|bonus_per90|net_transfers|rival_ownership,90,1
3,2026-09-04T07:12:46.191633+00:00,squad,586,Mendy,HUL,DEF,4.0,AVL,True,True,False,121,180,0.402,-0.3044,1.0,0.0,-1.0512,-2.3571,-0.0389,-1.2292,0.0324,2.2211,0.857,0.972,0.5752,-0.3612,0.0217,0.1762,xgi_per90|minutes_per_app|fixture_score|fdr_next3|fdr_next1|points_per_million|form|defcon_surplus_per90|defcon_hit_rate|bonus_per90|net_transfers|rival_ownership,70,8
3,2026-09-04T07:12:46.191633+00:00,squad,229,Tarkowski,EVE,DEF,6.0,MUN,True,True,False,180,180,0.5,-0.1987,1.0,0.0,-1.3474,0.6293,-0.9846,-0.4116,-1.3447,1.1435,1.2351,-0.7428,0.7159,-0.0112,0.1606,0.1762,xgi_per90|minutes_per_app|fixture_score|fdr_next3|fdr_next1|points_per_million|form|defcon_surplus_per90|defcon_hit_rate|bonus_per90|net_transfers|rival_ownership,90,3
3,2026-09-04T07:12:46.191633+00:00,squad,8,Calafiori,ARS,DEF,5.7,CHE,True,True,False,170,180,0.486,-0.0726,1.0,0.0,-0.755,0.1231,0.3635,-0.3565,-0.9762,1.6931,1.6132,-0.7253,-1.0422,0.0387,1.0045,-2.3601,xgi_per90|minutes_per_app|fixture_score|fdr_next3|fdr_next1|points_per_million|form|defcon_surplus_per90|defcon_hit_rate|bonus_per90|net_transfers|rival_ownership,66,2
3,2026-09-04T07:12:46.191633+00:00,squad,124,Groß,BHA,MID,5.5,LEE,True,True,False,180,180,0.5,-0.2146,1.0,0.0,-0.4587,0.6293,-1.4054,-1.262,-0.4816,0.8526,0.668,-0.4579,-0.6281,1.0635,0.6774,-1.2731,xgi_per90|minutes_per_app|fixture_score|fdr_next3|fdr_next1|points_per_million|form|defcon_surplus_per90|defcon_hit_rate|bonus_per90|net_transfers|rival_ownership,90,1
3,2026-09-04T07:12:46.191633+00:00,squad,368,Szoboszlai,LIV,MID,7.0,IPS,False,True,False,180,180,0.5,-0.0062,1.0,0.0,0.5992,0.6293,-0.4589,0.1867,0.2074,-0.2466,0.1008,0.1936,0.989,-0.1862,-0.7754,-2.5412,xgi_per90|minutes_per_app|fixture_score|fdr_next3|fdr_next1|points_per_million|form|defcon_surplus_per90|defcon_hit_rate|bonus_per90|net_transfers|rival_ownership,90,3
3,2026-09-04T07:12:46.191633+00:00,squad,426,B.Fernandes,MUN,MID,12.0,EVE,False,True,False,180,180,0.5,0.4149,1.0,0.0,2.0804,0.6293,0.1625,-1.3797,-1.647,0.1522,2.5584,-0.4579,-0.6281,1.0635,-0.103,-3.6282,xgi_per90|minutes_per_app|fixture_score|fdr_next3|fdr_next1|points_per_million|form|defcon_surplus_per90|defcon_hit_rate|bonus_per90|net_transfers|rival_ownership,90,2
3,2026-09-04T07:12:46.191633+00:00,squad,427,Mbeumo,MUN,MID,8.0,EVE,False,True,False,180,180,0.5,0.1156,1.0,0.0,1.9534,0.6293,0.1625,-1.3797,-1.647,-0.3435,0.2899,-0.4579,-0.6281,0.4386,-2.5339,-1.9977,xgi_per90|minutes_per_app|fixture_score|fdr_next3|fdr_next1|points_per_million|form|defcon_surplus_per90|defcon_hit_rate|bonus_per90|net_transfers|rival_ownership,90,8
3,2026-09-04T07:12:46.191633+00:00,squad,346,Calvert-Lewin,LEE,FWD,6.0,BHA,False,True,False,180,180,0.5,-0.2026,1.0,0.0,0.7685,0.6293,-1.2291,-0.0917,-0.6501,-0.4728,-0.4663,0.0,0.0,0.3387,-0.7067,-2.5412,xgi_per90|minutes_per_app|fixture_score|fdr_next3|fdr_next1|points_per_million|form|defcon_surplus_per90|defcon_hit_rate|bonus_per90|net_transfers|rival_ownership,72,1
3,2026-09-04T07:12:46.191633+00:00,squad,411,Haaland,MCI,FWD,15.5,COV,True,True,False,180,180,0.5,0.421,1.0,0.0,1.1494,0.6293,0.9906,0.3491,1.6984,-1.044,0.668,0.0,0.0,0.9635,0.8227,-2.9035,xgi_per90|minutes_per_app|fixture_score|fdr_next3|fdr_next1|points_per_million|form|defcon_surplus_per90|defcon_hit_rate|bonus_per90|net_transfers|rival_ownership,90,9
3,2026-09-04T07:12:46.191633+00:00,squad,165,João Pedro,CHE,FWD,7.7,ARS,False,True,False,180,180,0.5,0.1766,1.0,0.0,1.6995,0.6293,-1.1041,-1.9324,-2.727,0.7125,1.6132,0.0,0.0,1.5884,0.6834,-3.2659,xgi_per90|minutes_per_app|fixture_score|fdr_next3|fdr_next1|points_per_million|form|defcon_surplus_per90|defcon_hit_rate|bonus_per90|net_transfers|rival_ownership,90,1
3,2026-09-04T07:12:46.191633+00:00,squad,109,Verbruggen,BHA,GKP,4.5,LEE,True,True,False,180,180,0.5,-0.2566,0.8,0.0,,0.6293,-0.1943,0.051,1.0776,-0.656,-1.0334,0.0,0.0,-0.936,0.0255,-2.1789,minutes_per_app|fixture_score|fdr_next3|fdr_next1|points_per_million|form|defcon_surplus_per90|defcon_hit_rate|bonus_per90|net_transfers|rival_ownership,90,3
3,2026-09-04T07:12:46.191633+00:00,squad,259,Diop,IPS,DEF,4.0,LIV,True,True,False,180,180,0.5,-0.8514,1.0,0.0,-1.5167,0.6293,-1.3602,-1.4139,-0.8612,-1.0116,-1.4115,0.1321,0.7159,-1.2609,-0.5695,-0.7296,xgi_per90|minutes_per_app|fixture_score|fdr_next3|fdr_next1|points_per_million|form|defcon_surplus_per90|defcon_hit_rate|bonus_per90|net_transfers|rival_ownership,90,3
3,2026-09-04T07:12:46.191633+00:00,squad,175,van Ewijk,COV,DEF,4.0,MCI,False,True,False,180,180,0.5,-0.9785,1.0,0.0,-1.3051,0.6293,-0.9443,-2.0546,-3.1581,-1.281,-1.6006,-0.7428,-1.0422,-1.2609,-0.5736,-0.005,xgi_per90|minutes_per_app|fixture_score|fdr_next3|fdr_next1|points_per_million|form|defcon_surplus_per90|defcon_hit_rate|bonus_per90|net_transfers|rival_ownership,90,3
3,2026-09-04T07:12:46.191633+00:00,squad,212,Hughes,CRY,MID,4.5,FUL,False,True,True,0,180,,-1.4936,0.5,0.0,,,1.979,1.5805,0.0747,-2.0892,-2.1677,,,,-0.6292,0.1762,fixture_score|fdr_next3|fdr_next1|points_per_million|form|net_transfers|rival_ownership,16,1
3,2026-09-04T07:12:46.191633+00:00,watchlist,464,Wissa,NEW,FWD,6.1,BOU,True,True,False,171,180,0.487,0.674,1.0,0.0,1.1494,0.1737,1.2095,1.0704,0.4949,0.0336,0.1008,0.0,0.0,0.4136,2.8798,0.5385,xgi_per90|minutes_per_app|fixture_score|fdr_next3|fdr_next1|points_per_million|form|defcon_surplus_per90|defcon_hit_rate|bonus_per90|net_transfers|rival_ownership,90,1
3,2026-09-04T07:12:46.191633+00:00,watchlist,449,Hall,NEW,DEF,5.1,BOU,True,True,False,180,180,0.5,0.6244,1.0,0.0,-0.7973,0.6293,1.6445,1.3652,0.3904,0.8741,0.4789,1.007,2.474,0.6136,1.3213,0.5385,xgi_per90|minutes_per_app|fixture_score|fdr_next3|fdr_next1|points_per_million|form|defcon_surplus_per90|defcon_hit_rate|bonus_per90|net_transfers|rival_ownership,89,4
3,2026-09-04T07:12:46.191633+00:00,watchlist,572,Tzolakis,HUL,GKP,4.6,AVL,True,True,False,180,180,0.5,0.5683,0.8,0.0,,0.6293,-0.0643,-1.4978,0.2717,2.5983,1.6132,0.0,0.0,2.813,0.7731,0.5385,minutes_per_app|fixture_score|fdr_next3|fdr_next1|points_per_million|form|defcon_surplus_per90|defcon_hit_rate|bonus_per90|net_transfers|rival_ownership,90,6
3,2026-09-04T07:12:46.191633+00:00,watchlist,335,Stach,LEE,MID,6.0,BHA,False,True,False,180,180,0.5,0.4101,1.0,0.0,-0.6703,0.6293,-1.3767,-0.0329,-0.7212,0.9603,1.0461,4.7545,2.6061,1.0635,-0.2765,0.5385,xgi_per90|minutes_per_app|fixture_score|fdr_next3|fdr_next1|points_per_million|form|defcon_surplus_per90|defcon_hit_rate|bonus_per90|net_transfers|rival_ownership,90,2
3,2026-09-04T07:12:46.191633+00:00,watchlist,454,Elanga,NEW,MID,6.1,BOU,True,True,False,156,180,0.464,0.3891,1.0,0.0,-0.2471,-0.5855,1.2333,1.1804,0.3914,0.9172,1.0461,-0.4318,-0.5634,0.5886,2.0121,0.5385,xgi_per90|minutes_per_app|fixture_score|fdr_next3|fdr_next1|points_per_million|form|defcon_surplus_per90|defcon_hit_rate|bonus_per90|net_transfers|rival_ownership,76,1
3,2026-09-04T07:12:46.191633+00:00,watchlist,480,Gibbs-White,NFO,MID,7.9,TOT,True,True,False,180,180,0.5,0.3785,1.0,0.0,0.176,0.6293,0.3728,1.136,0.4483,-0.0418,0.668,-0.4579,-0.6281,1.0635,-0.0091,0.5385,xgi_per90|minutes_per_app|fixture_score|fdr_next3|fdr_next1|points_per_million|form|defcon_surplus_per90|defcon_hit_rate|bonus_per90|net_transfers|rival_ownership,90,3
3,2026-09-04T07:12:46.191633+00:00,watchlist,398,Foden,MCI,MID,7.0,COV,True,True,False,171,180,0.487,0.3751,1.0,0.0,1.1071,0.1737,0.999,0.4273,1.5609,-0.5483,-0.2773,-0.4579,-0.5634,-0.1612,0.1568,0.5385,xgi_per90|minutes_per_app|fixture_score|fdr_next3|fdr_next1|points_per_million|form|defcon_surplus_per90|defcon_hit_rate|bonus_per90|net_transfers|rival_ownership,24,1
3,2026-09-04T07:12:46.191633+00:00,watchlist,379,Isak,LIV,FWD,9.0,IPS,False,True,False,180,180,0.5,0.3344,1.0,0.0,1.8688,0.6293,-0.3716,0.1187,0.3055,-0.8931,-0.2773,0.0,0.0,0.3387,-0.4427,-0.1861,xgi_per90|minutes_per_app|fixture_score|fdr_next3|fdr_next1|points_per_million|form|defcon_surplus_per90|defcon_hit_rate|bonus_per90|net_transfers|rival_ownership,63,13
3,2026-09-04T07:12:46.191633+00:00,watchlist,567,Horníček,NEW,GKP,5.0,BOU,True,True,False,180,180,0.5,0.3323,0.8,0.0,,0.6293,1.8562,1.4566,0.79,-0.3651,-0.6553,0.0,0.0,-0.936,-0.1834,0.5385,minutes_per_app|fixture_score|fdr_next3|fdr_next1|points_per_million|form|defcon_surplus_per90|defcon_hit_rate|bonus_per90|net_transfers|rival_ownership,90,2
3,2026-09-04T07:12:46.191633+00:00,watchlist,115,De Cuyper,BHA,DEF,4.7,LEE,True,True,False,167,180,0.481,0.3267,1.0,0.0,0.43,-0.0287,-0.1529,0.1309,0.589,1.8116,1.0461,-0.7253,-1.0422,0.0637,1.9855,0.3573,xgi_per90|minutes_per_app|fixture_score|fdr_next3|fdr_next1|points_per_million|form|defcon_surplus_per90|defcon_hit_rate|bonus_per90|net_transfers|rival_ownership,76,4
3,2026-09-04T07:12:46.191633+00:00,watchlist,565,M.Sangaré,BRE,MID,5.7,SUN,True,True,False,165,180,0.478,0.326,1.0,0.0,-0.2048,-0.13,-0.5402,-0.3991,0.2398,1.3159,1.2351,1.601,2.5414,1.1885,1.2489,-0.7296,xgi_per90|minutes_per_app|fixture_score|fdr_next3|fdr_next1|points_per_million|form|defcon_surplus_per90|defcon_hit_rate|bonus_per90|net_transfers|rival_ownership,45,0
3,2026-09-04T07:12:46.191633+00:00,watchlist,237,Ndiaye,MCI,MID,6.0,COV,True,True,False,180,180,0.5,0.2881,1.0,0.0,-0.2471,0.6293,0.999,0.4273,1.5609,0.2491,0.2899,0.1936,2.6061,-0.1862,-1.3321,-0.7296,xgi_per90|minutes_per_app|fixture_score|fdr_next3|fdr_next1|points_per_million|form|defcon_surplus_per90|defcon_hit_rate|bonus_per90|net_transfers|rival_ownership,86,3
3,2026-09-04T07:12:46.191633+00:00,watchlist,249,Barry,EVE,FWD,5.5,MUN,True,True,False,147,180,0.45,0.272,1.0,0.0,2.165,-1.0411,-0.5815,0.6271,-0.4175,-0.128,-0.2773,0.0,0.0,0.5886,0.0197,0.3573,xgi_per90|minutes_per_app|fixture_score|fdr_next3|fdr_next1|points_per_million|form|defcon_surplus_per90|defcon_hit_rate|bonus_per90|net_transfers|rival_ownership,90,2
3,2026-09-04T07:12:46.191633+00:00,watchlist,210,Wharton,CRY,MID,5.5,FUL,False,True,False,180,180,0.5,0.2345,1.0,0.0,-0.5857,0.6293,1.979,1.5805,0.0747,-0.9147,-1.0334,0.8452,0.989,-0.811,-0.3254,0.5385,xgi_per90|minutes_per_app|fixture_score|fdr_next3|fdr_next1|points_per_million|form|defcon_surplus_per90|defcon_hit_rate|bonus_per90|net_transfers|rival_ownership,90,2
3,2026-09-04T07:12:46.191633+00:00,watchlist,69,Scott,BOU,MID,6.0,NEW,False,True,False,176,180,0.494,0.233,1.0,0.0,-0.3318,0.4268,-0.6883,0.2913,0.0558,0.4216,0.4789,1.5228,0.989,1.0885,-0.1796,0.5385,xgi_per90|minutes_per_app|fixture_score|fdr_next3|fdr_next1|points_per_million|form|defcon_surplus_per90|defcon_hit_rate|bonus_per90|net_transfers|rival_ownership,90,10
3,2026-09-04T07:12:46.191633+00:00,watchlist,367,Gakpo,LIV,MID,7.1,IPS,False,True,False,160,180,0.471,0.2301,1.0,0.0,0.3876,-0.3831,-0.4589,0.1867,0.2074,0.4862,1.0461,-0.4318,0.9243,1.2384,0.0028,0.3573,xgi_per90|minutes_per_app|fixture_score|fdr_next3|fdr_next1|points_per_million|form|defcon_surplus_per90|defcon_hit_rate|bonus_per90|net_transfers|rival_ownership,90,11
3,2026-09-04T07:12:46.191633+00:00,watchlist,86,Lewis-Potter,BRE,MID,5.5,SUN,True,True,False,177,180,0.496,0.2266,1.0,0.0,0.2184,0.4774,-0.5402,-0.3991,0.2398,1.0466,0.857,-0.4579,-0.6281,1.0885,-0.0768,0.5385,xgi_per90|minutes_per_app|fixture_score|fdr_next3|fdr_next1|points_per_million|form|defcon_surplus_per90|defcon_hit_rate|bonus_per90|net_transfers|rival_ownership,90,2
3,2026-09-04T07:12:46.191633+00:00,watchlist,214,Kamada,CRY,MID,5.0,FUL,False,True,False,180,180,0.5,0.2179,1.0,0.0,-0.5434,0.6293,1.979,1.5805,0.0747,-1.0116,-1.2225,0.8452,0.989,-0.811,-0.3138,0.5385,xgi_per90|minutes_per_app|fixture_score|fdr_next3|fdr_next1|points_per_million|form|defcon_surplus_per90|defcon_hit_rate|bonus_per90|net_transfers|rival_ownership,88,5
3,2026-09-04T07:12:46.191633+00:00,watchlist,12,Saka,ARS,MID,9.5,CHE,True,True,False,157,180,0.466,0.1952,1.0,0.0,0.7262,-0.5349,-0.5449,-0.8933,-0.5317,0.1845,1.6132,-0.4318,-0.5634,1.9133,-0.1865,0.3573,xgi_per90|minutes_per_app|fixture_score|fdr_next3|fdr_next1|points_per_million|form|defcon_surplus_per90|defcon_hit_rate|bonus_per90|net_transfers|rival_ownership,89,2
3,2026-09-04T07:12:46.191633+00:00,watchlist,569,Gonzalo,FUL,FWD,6.0,CRY,True,True,False,180,180,0.5,0.1699,1.0,0.0,0.7262,0.6293,0.9013,-0.8204,0.4086,-0.656,-0.6553,0.0,0.0,-0.911,-0.1267,0.5385,xgi_per90|minutes_per_app|fixture_score|fdr_next3|fdr_next1|points_per_million|form|defcon_surplus_per90|defcon_hit_rate|bonus_per90|net_transfers|rival_ownership,90,2
3,2026-09-04T07:12:46.191633+00:00,watchlist,593,Dedić,NEW,DEF,4.5,BOU,True,True,False,180,180,0.5,0.1509,1.0,0.0,-1.4321,0.6293,1.6445,1.3652,0.3904,0.7879,0.1008,-0.7428,-1.0422,-0.0112,0.4992,0.5385,xgi_per90|minutes_per_app|fixture_score|fdr_next3|fdr_next1|points_per_million|form|defcon_surplus_per90|defcon_hit_rate|bonus_per90|net_transfers|rival_ownership,90,1
3,2026-09-04T07:12:46.191633+00:00,watchlist,224,Nketiah,CRY,FWD,5.5,FUL,False,True,False,122,180,0.404,0.15,1.0,0.0,1.9111,-2.3065,1.9062,1.4535,0.169,-1.4966,-1.6006,0.0,0.0,-0.7111,-0.3017,0.5385,xgi_per90|minutes_per_app|fixture_score|fdr_next3|fdr_next1|points_per_million|form|defcon_surplus_per90|defcon_hit_rate|bonus_per90|net_transfers|rival_ownership,45,4
3,2026-09-04T07:12:46.191633+00:00,watchlist,385,Trafford,LEE,GKP,5.0,BHA,False,True,False,180,180,0.5,0.1399,0.8,0.0,,0.6293,-0.4545,0.5568,-0.417,0.497,0.1008,0.0,0.0,0.3137,-0.1993,0.5385,minutes_per_app|fixture_score|fdr_next3|fdr_next1|points_per_million|form|defcon_surplus_per90|defcon_hit_rate|bonus_per90|net_transfers|rival_ownership,90,3
3,2026-09-04T07:12:46.191633+00:00,watchlist,445,Thiaw,NEW,DEF,5.0,BOU,True,True,False,180,180,0.5,0.1002,1.0,0.0,-1.5167,0.6293,1.6445,1.3652,0.3904,-0.1496,-0.4663,1.4444,0.7159,-1.2609,-0.2107,0.3573,xgi_per90|minutes_per_app|fixture_score|fdr_next3|fdr_next1|points_per_million|form|defcon_surplus_per90|defcon_hit_rate|bonus_per90|net_transfers|rival_ownership,90,-1
3,2026-09-04T07:12:46.191633+00:00,watchlist,10,White,ARS,DEF,5.5,CHE,True,True,False,180,180,0.5,0.0609,1.0,0.0,-1.0512,0.6293,0.3635,-0.3565,-0.9762,1.4345,1.2351,-0.7428,-1.0422,0.6136,-0.1372,0.3573,xgi_per90|minutes_per_app|fixture_score|fdr_next3|fdr_next1|points_per_million|form|defcon_surplus_per90|defcon_hit_rate|bonus_per90|net_transfers|rival_ownership,90,2
3,2026-09-04T07:12:46.191633+00:00,watchlist,94,Schade,BRE,MID,6.0,SUN,True,True,False,177,180,0.496,0.042,1.0,0.0,-0.0355,0.4774,-0.5402,-0.3991,0.2398,0.2491,0.2899,-0.4579,-0.6281,1.0885,-0.0724,0.1762,xgi_per90|minutes_per_app|fixture_score|fdr_next3|fdr_next1|points_per_million|form|defcon_surplus_per90|defcon_hit_rate|bonus_per90|net_transfers|rival_ownership,90,2
3,2026-09-04T07:12:46.191633+00:00,watchlist,491,Igor Jesus,NFO,FWD,5.9,TOT,True,True,False,180,180,0.5,0.0418,1.0,0.0,0.7262,0.6293,0.4055,1.0278,0.5534,-1.5397,-1.6006,0.0,0.0,-0.911,-0.5023,0.1762,xgi_per90|minutes_per_app|fixture_score|fdr_next3|fdr_next1|points_per_million|form|defcon_surplus_per90|defcon_hit_rate|bonus_per90|net_transfers|rival_ownership,31,1
3,2026-09-04T07:12:46.191633+00:00,watchlist,279,Ajayi,HUL,DEF,4.1,AVL,True,True,False,153,180,0.459,0.0342,1.0,0.0,-0.8819,-0.7374,-0.0389,-1.2292,0.0324,3.1694,1.6132,-0.6903,-0.9719,0.1637,1.6187,0.5385,xgi_per90|minutes_per_app|fixture_score|fdr_next3|fdr_next1|points_per_million|form|defcon_surplus_per90|defcon_hit_rate|bonus_per90|net_transfers|rival_ownership,90,5
3,2026-09-04T07:12:46.191633+00:00,watchlist,483,Ndoye,NFO,MID,5.5,TOT,True,True,False,126,180,0.412,0.0321,1.0,0.0,0.5146,-2.104,0.3728,1.136,0.4483,0.2599,0.1008,-0.3797,-0.4987,0.8385,-0.2373,0.5385,xgi_per90|minutes_per_app|fixture_score|fdr_next3|fdr_next1|points_per_million|form|defcon_surplus_per90|defcon_hit_rate|bonus_per90|net_transfers|rival_ownership,58,1
3,2026-09-04T07:12:46.191633+00:00,watchlist,236,Dewsbury-Hall,EVE,MID,6.5,MUN,True,True,False,180,180,0.5,0.024,1.0,0.0,-0.3741,0.6293,-0.6836,0.7176,-0.4951,0.0659,0.2899,-0.4579,-0.6281,1.0635,-0.4202,0.5385,xgi_per90|minutes_per_app|fixture_score|fdr_next3|fdr_next1|points_per_million|form|defcon_surplus_per90|defcon_hit_rate|bonus_per90|net_transfers|rival_ownership,90,2
3,2026-09-04T07:12:46.191633+00:00,watchlist,68,Tavernier,BOU,MID,6.0,NEW,False,True,False,180,180,0.5,0.0238,1.0,0.0,-0.0779,0.6293,-0.6883,0.2913,0.0558,-0.1172,-0.0882,-0.4579,-0.6281,1.0635,-0.382,0.5385,xgi_per90|minutes_per_app|fixture_score|fdr_next3|fdr_next1|points_per_million|form|defcon_surplus_per90|defcon_hit_rate|bonus_per90|net_transfers|rival_ownership,88,10
3,2026-09-04T07:12:46.191633+00:00,watchlist,268,King,FUL,MID,5.5,CRY,True,True,False,180,180,0.5,-0.018,1.0,0.0,-0.1625,0.6293,0.9034,-0.7939,0.3075,-0.322,-0.4663,-0.4579,-0.6281,-0.811,-0.2846,0.5385,xgi_per90|minutes_per_app|fixture_score|fdr_next3|fdr_next1|points_per_million|form|defcon_surplus_per90|defcon_hit_rate|bonus_per90|net_transfers|rival_ownership,90,10
3,2026-09-04T07:12:46.191633+00:00,watchlist,154,Palmer,CHE,MID,9.6,ARS,False,True,False,172,180,0.489,-0.0316,1.0,0.0,0.4723,0.2244,-1.2428,-1.955,-2.7393,0.1522,1.6132,-0.4579,-0.6281,1.1135,0.4004,0.3573,xgi_per90|minutes_per_app|fixture_score|fdr_next3|fdr_next1|points_per_million|form|defcon_surplus_per90|defcon_hit_rate|bonus_per90|net_transfers|rival_ownership,90,1
3,2026-09-04T07:12:46.191633+00:00,watchlist,98,Janelt,BRE,MID,5.0,SUN,True,True,False,180,180,0.5,-0.0435,1.0,0.0,-0.1625,0.6293,-0.5402,-0.3991,0.2398,0.0659,-0.2773,0.1936,0.989,-0.811,-0.2586,0.5385,xgi_per90|minutes_per_app|fixture_score|fdr_next3|fdr_next1|points_per_million|form|defcon_surplus_per90|defcon_hit_rate|bonus_per90|net_transfers|rival_ownership,90,11
3,2026-09-04T07:12:46.191633+00:00,watchlist,397,Semenyo,MCI,MID,8.5,COV,True,True,False,180,180,0.5,-0.0556,1.0,0.0,-0.1625,0.6293,0.999,0.4273,1.5609,-1.2056,-0.8444,-0.4579,-0.6281,-0.811,-1.5004,-0.005,xgi_per90|minutes_per_app|fixture_score|fdr_next3|fdr_next1|points_per_million|form|defcon_surplus_per90|defcon_hit_rate|bonus_per90|net_transfers|rival_ownership,90,6
3,2026-09-04T07:12:46.191633+00:00,watchlist,447,Botman,NEW,DEF,5.0,BOU,True,True,False,180,180,0.5,-0.0694,1.0,0.0,-1.5167,0.6293,1.6445,1.3652,0.3904,-0.3651,-0.6553,-0.7428,0.7159,-1.2609,-0.2857,0.5385,xgi_per90|minutes_per_app|fixture_score|fdr_next3|fdr_next1|points_per_million|form|defcon_surplus_per90|defcon_hit_rate|bonus_per90|net_transfers|rival_ownership,90,1
3,2026-09-04T07:12:46.191633+00:00,watchlist,399,Cherki,MCI,MID,7.7,COV,True,True,False,108,180,0.375,-0.083,1.0,0.0,1.1917,-3.0152,0.999,0.4273,1.5609,0.9927,1.9913,-0.3276,-0.434,2.5881,5.3866,0.5385,xgi_per90|minutes_per_app|fixture_score|fdr_next3|fdr_next1|points_per_million|form|defcon_surplus_per90|defcon_hit_rate|bonus_per90|net_transfers|rival_ownership,65,3
3,2026-09-04T07:12:46.191633+00:00,watchlist,106,Thiago,BRE,FWD,8.0,SUN,True,True,False,172,180,0.489,-0.085,1.0,0.0,1.7419,0.2244,-0.4475,-0.4423,0.3389,-1.8198,-1.7896,0.0,0.0,-0.886,-1.1334,0.1762,xgi_per90|minutes_per_app|fixture_score|fdr_next3|fdr_next1|points_per_million|form|defcon_surplus_per90|defcon_hit_rate|bonus_per90|net_transfers|rival_ownership,90,2
3,2026-09-04T07:12:46.191633+00:00,watchlist,79,Evanilson,BOU,FWD,6.0,NEW,False,True,False,154,180,0.461,-0.1084,1.0,0.0,0.7262,-0.6868,-0.586,0.2189,0.1495,-0.4728,-0.4663,0.0,0.0,-0.811,-0.217,0.5385,xgi_per90|minutes_per_app|fixture_score|fdr_next3|fdr_next1|points_per_million|form|defcon_surplus_per90|defcon_hit_rate|bonus_per90|net_transfers|rival_ownership,90,2
3,2026-09-04T07:12:46.191633+00:00,watchlist,40,Rogers,CHE,MID,7.5,ARS,False,True,False,171,180,0.487,-0.1087,1.0,0.0,1.4879,0.1737,-1.2428,-1.955,-2.7393,-0.225,0.2899,-0.4579,-0.5634,-0.1612,-0.5959,0.3573,xgi_per90|minutes_per_app|fixture_score|fdr_next3|fdr_next1|points_per_million|form|defcon_surplus_per90|defcon_hit_rate|bonus_per90|net_transfers|rival_ownership,86,6
3,2026-09-04T07:12:46.191633+00:00,watchlist,334,Muharemović,LEE,DEF,5.0,BHA,False,True,False,180,180,0.5,-0.1111,1.0,0.0,-1.4321,0.6293,-0.381,0.5751,-0.4432,0.0659,-0.2773,3.1942,0.7159,-1.2609,-0.3122,-0.005,xgi_per90|minutes_per_app|fixture_score|fdr_next3|fdr_next1|points_per_million|form|defcon_surplus_per90|defcon_hit_rate|bonus_per90|net_transfers|rival_ownership,90,4
3,2026-09-04T07:12:46.191633+00:00,watchlist,332,Justin,LEE,DEF,4.5,BHA,False,True,False,180,180,0.5,-0.1166,1.0,0.0,-1.4744,0.6293,-0.381,0.5751,-0.4432,0.7879,0.1008,0.1321,0.7159,-0.0112,-0.266,0.5385,xgi_per90|minutes_per_app|fixture_score|fdr_next3|fdr_next1|points_per_million|form|defcon_surplus_per90|defcon_hit_rate|bonus_per90|net_transfers|rival_ownership,90,4
3,2026-09-04T07:12:46.191633+00:00,watchlist,481,Anderson,MCI,MID,6.4,COV,True,True,False,143,180,0.443,-0.1336,1.0,0.0,-0.1625,-1.2436,0.999,0.4273,1.5609,-1.2487,-1.2225,1.0537,0.8596,-0.6861,-0.6153,0.3573,xgi_per90|minutes_per_app|fixture_score|fdr_next3|fdr_next1|points_per_million|form|defcon_surplus_per90|defcon_hit_rate|bonus_per90|net_transfers|rival_ownership,90,3
3,2026-09-04T07:12:46.191633+00:00,watchlist,472,Murillo,NFO,DEF,5.5,TOT,True,True,False,180,180,0.5,-0.1393,1.0,0.0,-1.0512,0.6293,0.5044,0.9524,0.6386,-1.1086,-1.2225,1.007,0.7159,-1.2609,-0.349,0.5385,xgi_per90|minutes_per_app|fixture_score|fdr_next3|fdr_next1|points_per_million|form|defcon_surplus_per90|defcon_hit_rate|bonus_per90|net_transfers|rival_ownership,89,8
3,2026-09-04T07:12:46.191633+00:00,watchlist,388,Guéhi,MCI,DEF,6.0,COV,True,True,False,180,180,0.5,-0.1549,1.0,0.0,-0.2048,0.6293,-0.9242,-0.557,1.5166,0.0659,0.1008,-0.7428,-1.0422,-0.0112,-0.5153,-0.005,xgi_per90|minutes_per_app|fixture_score|fdr_next3|fdr_next1|points_per_million|form|defcon_surplus_per90|defcon_hit_rate|bonus_per90|net_transfers|rival_ownership,90,8
3,2026-09-04T07:12:46.191633+00:00,watchlist,88,Kayode,BRE,DEF,4.6,SUN,True,True,False,162,180,0.474,-0.1597,1.0,0.0,-0.6703,-0.2818,-0.3139,-0.6474,0.4217,1.4237,0.668,-0.7078,-0.9719,-0.5611,0.0696,0.5385,xgi_per90|minutes_per_app|fixture_score|fdr_next3|fdr_next1|points_per_million|form|defcon_surplus_per90|defcon_hit_rate|bonus_per90|net_transfers|rival_ownership,45,1
3,2026-09-04T07:12:46.191633+00:00,watchlist,469,N.Williams,NFO,DEF,5.0,TOT,True,True,False,180,180,0.5,-0.1636,1.0,0.0,-1.2205,0.6293,0.5044,0.9524,0.6386,-0.3651,-0.6553,0.1321,0.7159,-1.2609,-0.4148,-0.005,xgi_per90|minutes_per_app|fixture_score|fdr_next3|fdr_next1|points_per_million|form|defcon_surplus_per90|defcon_hit_rate|bonus_per90|net_transfers|rival_ownership,90,7
3,2026-09-04T07:12:46.191633+00:00,watchlist,84,Collins,BRE,DEF,5.5,SUN,True,True,False,180,180,0.5,-0.2359,1.0,0.0,-0.9242,0.6293,-0.3139,-0.6474,0.4217,-0.322,-0.4663,0.5696,0.7159,-1.2609,-0.2868,0.5385,xgi_per90|minutes_per_app|fixture_score|fdr_next3|fdr_next1|points_per_million|form|defcon_surplus_per90|defcon_hit_rate|bonus_per90|net_transfers|rival_ownership,16,1
3,2026-09-04T07:12:46.191633+00:00,watchlist,127,Gomez,BHA,MID,5.0,LEE,True,True,False,175,180,0.493,-0.2428,1.0,0.0,0.3876,0.3762,-1.4054,-1.262,-0.4816,0.2815,-0.0882,-0.4579,-0.6281,-0.811,0.0288,0.1762,xgi_per90|minutes_per_app|fixture_score|fdr_next3|fdr_next1|points_per_million|form|defcon_surplus_per90|defcon_hit_rate|bonus_per90|net_transfers|rival_ownership,90,2
3,2026-09-04T07:12:46.191633+00:00,watchlist,15,Ødegaard,ARS,MID,6.6,CHE,True,True,False,145,180,0.446,-0.2492,1.0,0.0,-0.2471,-1.1423,-0.5449,-0.8933,-0.5317,0.1953,0.4789,-0.4058,-0.5634,1.3634,-0.4583,0.1762,xgi_per90|minutes_per_app|fixture_score|fdr_next3|fdr_next1|points_per_million|form|defcon_surplus_per90|defcon_hit_rate|bonus_per90|net_transfers|rival_ownership,76,10
3,2026-09-04T07:12:46.191633+00:00,watchlist,486,McAtee,NFO,MID,5.5,TOT,True,True,False,163,180,0.475,-0.2594,1.0,0.0,-0.5011,-0.2312,0.3728,1.136,0.4483,-1.1086,-1.2225,-0.4318,-0.5634,-0.7611,-0.3062,0.5385,xgi_per90|minutes_per_app|fixture_score|fdr_next3|fdr_next1|points_per_million|form|defcon_surplus_per90|defcon_hit_rate|bonus_per90|net_transfers|rival_ownership,90,2
3,2026-09-04T07:12:46.191633+00:00,watchlist,316,Emersonn,IPS,FWD,5.5,LIV,True,True,False,110,180,0.379,-0.3145,1.0,0.0,1.1917,-2.9139,-1.0951,-1.5793,-0.3227,-0.128,-0.2773,0.0,0.0,1.6883,-0.4329,0.5385,xgi_per90|minutes_per_app|fixture_score|fdr_next3|fdr_next1|points_per_million|form|defcon_surplus_per90|defcon_hit_rate|bonus_per90|net_transfers|rival_ownership,65,2
3,2026-09-04T07:12:46.191633+00:00,watchlist,591,Enciso,IPS,MID,5.5,LIV,True,True,False,160,180,0.471,-0.3299,1.0,0.0,0.5569,-0.3831,-1.2333,-1.5863,-0.4031,-0.128,-0.2773,-0.4318,-0.5634,-0.7611,-0.2377,0.5385,xgi_per90|minutes_per_app|fixture_score|fdr_next3|fdr_next1|points_per_million|form|defcon_surplus_per90|defcon_hit_rate|bonus_per90|net_transfers|rival_ownership,90,1
3,2026-09-04T07:12:46.191633+00:00,watchlist,391,Gvardiol,MCI,DEF,5.6,COV,True,True,False,164,180,0.477,-0.3523,1.0,0.0,-1.1782,-0.1806,-0.9242,-0.557,1.5166,0.6047,0.4789,-0.7078,-1.0422,-0.5611,1.0987,0.1762,xgi_per90|minutes_per_app|fixture_score|fdr_next3|fdr_next1|points_per_million|form|defcon_surplus_per90|defcon_hit_rate|bonus_per90|net_transfers|rival_ownership,90,8
3,2026-09-04T07:12:46.191633+00:00,watchlist,70,Kluivert,BOU,MID,6.0,NEW,False,True,False,154,180,0.461,-0.3956,1.0,0.0,0.0491,-0.6868,-0.6883,0.2913,0.0558,-1.0116,-1.0334,-0.4318,-0.5634,-0.7361,-0.3559,0.5385,xgi_per90|minutes_per_app|fixture_score|fdr_next3|fdr_next1|points_per_million|form|defcon_surplus_per90|defcon_hit_rate|bonus_per90|net_transfers|rival_ownership,75,1
3,2026-09-04T07:12:46.191633+00:00,watchlist,473,Aina,NFO,DEF,4.5,TOT,True,True,False,158,180,0.467,-0.4087,1.0,0.0,-0.8819,-0.4843,0.5044,0.9524,0.6386,-0.8931,-1.2225,-0.7078,-0.9719,-1.2109,-0.4083,0.5385,xgi_per90|minutes_per_app|fixture_score|fdr_next3|fdr_next1|points_per_million|form|defcon_surplus_per90|defcon_hit_rate|bonus_per90|net_transfers|rival_ownership,58,1
3,2026-09-04T07:12:46.191633+00:00,watchlist,366,Wirtz,LIV,MID,7.5,IPS,False,True,False,152,180,0.458,-0.451,1.0,0.0,0.0068,-0.788,-0.4589,0.1867,0.2074,-1.2272,-1.0334,-0.4058,-0.5634,-0.7361,-0.7519,-0.005,xgi_per90|minutes_per_app|fixture_score|fdr_next3|fdr_next1|points_per_million|form|defcon_surplus_per90|defcon_hit_rate|bonus_per90|net_transfers|rival_ownership,90,3
3,2026-09-04T07:12:46.191633+00:00,watchlist,60,Hill,BOU,DEF,5.5,NEW,False,True,False,180,180,0.5,-0.5666,1.0,0.0,-0.755,0.6293,-2.0577,-0.1364,0.1944,-1.1086,-1.2225,0.1321,0.7159,-1.2609,-0.3276,0.5385,xgi_per90|minutes_per_app|fixture_score|fdr_next3|fdr_next1|points_per_million|form|defcon_surplus_per90|defcon_hit_rate|bonus_per90|net_transfers|rival_ownership,90,1
3,2026-09-04T07:12:46.191633+00:00,watchlist,460,Willock,NEW,MID,5.0,BOU,True,True,False,104,180,0.366,-1.0553,1.0,0.0,-0.1625,-3.2176,1.2333,1.1804,0.3914,-0.1496,-0.4663,-0.3276,-0.434,-0.5111,-0.2649,0.5385,xgi_per90|minutes_per_app|fixture_score|fdr_next3|fdr_next1|points_per_million|form|defcon_surplus_per90|defcon_hit_rate|bonus_per90|net_transfers|rival_ownership,62,2
3,2026-09-04T07:12:46.191633+00:00,watchlist,377,Munoz,LIV,MID,6.5,IPS,False,True,False,117,180,0.394,-1.2103,1.0,0.0,0.1337,-2.5596,-0.4589,0.1867,0.2074,-0.4297,-0.2773,-0.3537,-0.4987,-0.5861,-0.1256,0.5385,xgi_per90|minutes_per_app|fixture_score|fdr_next3|fdr_next1|points_per_million|form|defcon_surplus_per90|defcon_hit_rate|bonus_per90|net_transfers|rival_ownership,63,3
4,2026-09-12T07:11:32.601085+00:00,squad,226,Pickford,EVE,GKP,5.5,TOT,False,True,False,270,180,0.6,-0.0493,0.8,0.0,,0.6472,0.0687,0.5691,-0.1184,-0.5208,-0.703,0.0,0.0,-1.3598,-0.2918,0.4002,minutes_per_app|fixture_score|fdr_next3|fdr_next1|points_per_million|form|defcon_surplus_per90|defcon_hit_rate|bonus_per90|net_transfers|rival_ownership,90,6
4,2026-09-12T07:11:32.601085+00:00,squad,586,Mendy,HUL,DEF,4.1,CHE,False,True,False,191,180,0.515,0.0082,1.0,0.0,-1.2157,-1.0316,0.4725,-0.853,-2.0193,2.8806,1.3712,1.4805,1.0358,-0.5937,0.7713,0.0227,xgi_per90|minutes_per_app|fixture_score|fdr_next3|fdr_next1|points_per_million|form|defcon_surplus_per90|defcon_hit_rate|bonus_per90|net_transfers|rival_ownership,58,1
4,2026-09-12T07:11:32.601085+00:00,squad,229,Tarkowski,EVE,DEF,6.0,TOT,False,True,False,270,180,0.6,0.0571,1.0,0.0,-1.5098,0.6472,0.1908,0.7089,-0.4481,0.8044,0.8889,0.351,1.2176,-0.2766,0.0096,0.4002,xgi_per90|minutes_per_app|fixture_score|fdr_next3|fdr_next1|points_per_million|form|defcon_surplus_per90|defcon_hit_rate|bonus_per90|net_transfers|rival_ownership,90,8
4,2026-09-12T07:11:32.601085+00:00,squad,8,Calafiori,ARS,DEF,5.8,SUN,False,True,False,236,180,0.567,-0.2356,1.0,0.0,-0.4804,-0.0741,-0.6474,-0.2002,0.4951,1.0606,1.0336,-0.8394,-1.1461,-0.1445,1.3604,-2.4313,xgi_per90|minutes_per_app|fixture_score|fdr_next3|fdr_next1|points_per_million|form|defcon_surplus_per90|defcon_hit_rate|bonus_per90|net_transfers|rival_ownership,90,6
4,2026-09-12T07:11:32.601085+00:00,squad,124,Groß,BHA,MID,5.6,COV,False,True,False,270,180,0.6,-0.253,1.0,0.0,0.0588,0.6472,-1.6518,-1.1478,0.4267,0.239,0.0688,-0.4194,-0.5462,0.5952,0.0533,-1.2987,xgi_per90|minutes_per_app|fixture_score|fdr_next3|fdr_next1|points_per_million|form|defcon_surplus_per90|defcon_hit_rate|bonus_per90|net_transfers|rival_ownership,90,17
4,2026-09-12T07:11:32.601085+00:00,squad,368,Szoboszlai,LIV,MID,7.0,FUL,True,True,False,270,180,0.6,-0.2391,1.0,0.0,0.5,0.6472,-1.398,-0.6956,0.5079,-0.3971,-0.0759,0.2426,1.1345,-0.4616,-1.4747,-2.2426,xgi_per90|minutes_per_app|fixture_score|fdr_next3|fdr_next1|points_per_million|form|defcon_surplus_per90|defcon_hit_rate|bonus_per90|net_transfers|rival_ownership,90,3
4,2026-09-12T07:11:32.601085+00:00,squad,426,B.Fernandes,MUN,MID,12.0,MCI,True,True,False,270,180,0.6,0.2927,1.0,0.0,1.8235,0.6472,0.3309,-0.1253,-1.2157,-0.2999,1.8536,-0.4194,-0.5462,0.5952,-2.6232,-3.3752,xgi_per90|minutes_per_app|fixture_score|fdr_next3|fdr_next1|points_per_million|form|defcon_surplus_per90|defcon_hit_rate|bonus_per90|net_transfers|rival_ownership,90,2
4,2026-09-12T07:11:32.601085+00:00,squad,427,Mbeumo,MUN,MID,7.9,MCI,True,True,False,270,180,0.6,0.3443,1.0,0.0,1.5294,0.6472,0.3309,-0.1253,-1.2157,0.0623,0.8889,-0.4194,-0.5462,0.5952,-1.6706,-1.11,xgi_per90|minutes_per_app|fixture_score|fdr_next3|fdr_next1|points_per_million|form|defcon_surplus_per90|defcon_hit_rate|bonus_per90|net_transfers|rival_ownership,90,2
4,2026-09-12T07:11:32.601085+00:00,squad,346,Calvert-Lewin,LEE,FWD,6.0,NEW,True,True,False,252,180,0.583,-0.304,1.0,0.0,0.9902,0.2642,-0.9374,-0.9748,-0.3321,-0.8124,-0.8959,0.0,0.0,0.0668,-1.8002,-2.0538,xgi_per90|minutes_per_app|fixture_score|fdr_next3|fdr_next1|points_per_million|form|defcon_surplus_per90|defcon_hit_rate|bonus_per90|net_transfers|rival_ownership,77,10
4,2026-09-12T07:11:32.601085+00:00,squad,411,Haaland,MCI,FWD,15.5,MUN,False,True,False,270,180,0.6,0.3591,1.0,0.0,2.1176,0.6472,0.2396,-1.4395,-1.4807,-0.9184,1.3712,0.0,0.0,2.1012,-0.0947,-3.7527,xgi_per90|minutes_per_app|fixture_score|fdr_next3|fdr_next1|points_per_million|form|defcon_surplus_per90|defcon_hit_rate|bonus_per90|net_transfers|rival_ownership,90,9
4,2026-09-12T07:11:32.601085+00:00,squad,165,João Pedro,CHE,FWD,7.7,HUL,True,True,False,270,180,0.6,0.3858,1.0,0.0,1.1863,0.6472,0.0937,0.341,0.9221,0.1241,0.8889,0.0,0.0,1.0444,0.881,-2.9976,xgi_per90|minutes_per_app|fixture_score|fdr_next3|fdr_next1|points_per_million|form|defcon_surplus_per90|defcon_hit_rate|bonus_per90|net_transfers|rival_ownership,90,12
4,2026-09-12T07:11:32.601085+00:00,squad,109,Verbruggen,BHA,GKP,4.5,COV,False,True,False,270,180,0.6,-0.5053,0.8,0.0,,0.6472,-1.573,-0.674,0.9603,-0.5208,-1.0406,0.0,0.0,-1.3598,-0.0768,-2.0538,minutes_per_app|fixture_score|fdr_next3|fdr_next1|points_per_million|form|defcon_surplus_per90|defcon_hit_rate|bonus_per90|net_transfers|rival_ownership,90,8
4,2026-09-12T07:11:32.601085+00:00,squad,259,Diop,IPS,DEF,4.0,CRY,False,True,False,270,180,0.6,-0.6499,1.0,0.0,-1.6569,0.6472,-0.5968,-0.8772,-0.6733,-0.7417,-1.3783,0.9615,1.2176,-1.3334,-0.7217,-0.7324,xgi_per90|minutes_per_app|fixture_score|fdr_next3|fdr_next1|points_per_million|form|defcon_surplus_per90|defcon_hit_rate|bonus_per90|net_transfers|rival_ownership,90,1
4,2026-09-12T07:11:32.601085+00:00,squad,175,van Ewijk,COV,DEF,4.0,BHA,True,True,False,270,180,0.6,-0.526,1.0,0.0,-1.4118,0.6472,0.328,-0.2582,0.0423,-0.9625,-1.523,-0.2595,0.0055,-1.3334,-0.7307,-0.1661,xgi_per90|minutes_per_app|fixture_score|fdr_next3|fdr_next1|points_per_million|form|defcon_surplus_per90|defcon_hit_rate|bonus_per90|net_transfers|rival_ownership,90,0
4,2026-09-12T07:11:32.601085+00:00,squad,212,Hughes,CRY,MID,4.5,IPS,True,True,False,16,180,0.082,-2.019,1.0,0.0,0.0098,-4.0763,1.6911,1.8546,1.8745,-2.0934,-2.343,-0.0553,-0.042,0.1461,-0.6399,0.0227,xgi_per90|minutes_per_app|fixture_score|fdr_next3|fdr_next1|points_per_million|form|defcon_surplus_per90|defcon_hit_rate|bonus_per90|net_transfers|rival_ownership,13,1
4,2026-09-12T07:11:32.601085+00:00,watchlist,449,Hall,NEW,DEF,5.2,LEE,False,True,False,269,180,0.599,0.5283,1.0,0.0,-0.9706,0.628,1.4913,1.3665,0.4751,0.7691,0.4065,1.572,1.2176,0.2518,1.565,0.4002,xgi_per90|minutes_per_app|fixture_score|fdr_next3|fdr_next1|points_per_million|form|defcon_surplus_per90|defcon_hit_rate|bonus_per90|net_transfers|rival_ownership,90,0
4,2026-09-12T07:11:32.601085+00:00,watchlist,572,Tzolakis,HUL,GKP,4.6,CHE,False,True,False,270,180,0.6,0.5202,0.8,0.0,,0.6472,0.3121,-1.2155,-1.5846,2.7039,1.7089,0.0,0.0,1.8106,0.4503,0.589,minutes_per_app|fixture_score|fdr_next3|fdr_next1|points_per_million|form|defcon_surplus_per90|defcon_hit_rate|bonus_per90|net_transfers|rival_ownership,90,2
4,2026-09-12T07:11:32.601085+00:00,watchlist,15,Ødegaard,ARS,MID,6.7,SUN,False,True,False,221,180,0.551,0.5025,1.0,0.0,1.1863,-0.3933,-0.7993,-0.2642,-0.4068,0.8751,1.3712,-0.3532,-0.4622,2.656,2.4787,0.589,xgi_per90|minutes_per_app|fixture_score|fdr_next3|fdr_next1|points_per_million|form|defcon_surplus_per90|defcon_hit_rate|bonus_per90|net_transfers|rival_ownership,84,3
4,2026-09-12T07:11:32.601085+00:00,watchlist,40,Rogers,CHE,MID,7.6,HUL,True,True,False,257,180,0.588,0.4888,1.0,0.0,1.1863,0.3727,0.2208,0.3652,1.0196,-0.0791,0.5512,-0.3863,-0.5462,-0.4351,3.6925,0.2114,xgi_per90|minutes_per_app|fixture_score|fdr_next3|fdr_next1|points_per_million|form|defcon_surplus_per90|defcon_hit_rate|bonus_per90|net_transfers|rival_ownership,90,8
4,2026-09-12T07:11:32.601085+00:00,watchlist,379,Isak,LIV,FWD,9.1,FUL,True,True,False,243,180,0.574,0.443,1.0,0.0,1.7255,0.0727,-1.4976,-0.6641,0.445,-0.0526,1.2265,0.0,0.0,1.8106,2.278,0.0227,xgi_per90|minutes_per_app|fixture_score|fdr_next3|fdr_next1|points_per_million|form|defcon_surplus_per90|defcon_hit_rate|bonus_per90|net_transfers|rival_ownership,90,2
4,2026-09-12T07:11:32.601085+00:00,watchlist,464,Wissa,NEW,FWD,6.2,LEE,False,True,False,261,180,0.592,0.3835,1.0,0.0,0.6471,0.4557,1.2048,1.3348,0.3536,-0.4325,-0.4135,0.0,0.0,0.0404,1.0703,-0.5437,xgi_per90|minutes_per_app|fixture_score|fdr_next3|fdr_next1|points_per_million|form|defcon_surplus_per90|defcon_hit_rate|bonus_per90|net_transfers|rival_ownership,90,2
4,2026-09-12T07:11:32.601085+00:00,watchlist,154,Palmer,CHE,MID,9.7,HUL,True,True,False,262,180,0.593,0.374,1.0,0.0,0.2549,0.4748,0.2208,0.3652,1.0196,-0.3795,0.8889,-0.3863,-0.5462,0.6217,2.9038,0.2114,xgi_per90|minutes_per_app|fixture_score|fdr_next3|fdr_next1|points_per_million|form|defcon_surplus_per90|defcon_hit_rate|bonus_per90|net_transfers|rival_ownership,90,5
4,2026-09-12T07:11:32.601085+00:00,watchlist,335,Stach,LEE,MID,6.0,NEW,True,True,False,270,180,0.6,0.3658,1.0,0.0,-0.5294,0.6472,-0.8281,-1.0236,-0.3256,0.5129,0.5512,4.8769,2.8151,0.5952,-0.3701,0.589,xgi_per90|minutes_per_app|fixture_score|fdr_next3|fdr_next1|points_per_million|form|defcon_surplus_per90|defcon_hit_rate|bonus_per90|net_transfers|rival_ownership,87,3
4,2026-09-12T07:11:32.601085+00:00,watchlist,249,Barry,EVE,FWD,5.6,TOT,False,True,False,237,180,0.568,0.3291,1.0,0.0,1.8725,-0.055,-0.057,0.3774,-0.6421,-0.3971,-0.5582,0.0,0.0,0.1461,0.3491,0.4002,xgi_per90|minutes_per_app|fixture_score|fdr_next3|fdr_next1|points_per_million|form|defcon_surplus_per90|defcon_hit_rate|bonus_per90|net_transfers|rival_ownership,90,2
4,2026-09-12T07:11:32.601085+00:00,watchlist,69,Scott,BOU,MID,6.1,BRE,True,True,False,266,180,0.596,0.319,1.0,0.0,-0.5294,0.5642,-0.9813,-1.1566,0.2934,1.1843,1.3712,1.5998,1.1345,1.6785,1.0839,0.589,xgi_per90|minutes_per_app|fixture_score|fdr_next3|fdr_next1|points_per_million|form|defcon_surplus_per90|defcon_hit_rate|bonus_per90|net_transfers|rival_ownership,90,4
4,2026-09-12T07:11:32.601085+00:00,watchlist,68,Tavernier,BOU,MID,6.0,BRE,True,True,False,268,180,0.598,0.302,1.0,0.0,0.6471,0.6025,-0.9813,-1.1566,0.2934,0.8044,0.8889,-0.3863,-0.5462,2.1804,0.2182,0.589,xgi_per90|minutes_per_app|fixture_score|fdr_next3|fdr_next1|points_per_million|form|defcon_surplus_per90|defcon_hit_rate|bonus_per90|net_transfers|rival_ownership,82,8
4,2026-09-12T07:11:32.601085+00:00,watchlist,224,Nketiah,CRY,FWD,5.5,IPS,True,True,False,167,180,0.481,0.282,1.0,0.0,1.7255,-1.5422,1.5391,1.752,1.7193,-1.1657,-1.3783,0.0,0.0,-0.805,-0.2059,0.589,xgi_per90|minutes_per_app|fixture_score|fdr_next3|fdr_next1|points_per_million|form|defcon_surplus_per90|defcon_hit_rate|bonus_per90|net_transfers|rival_ownership,0,0
4,2026-09-12T07:11:32.601085+00:00,watchlist,454,Elanga,NEW,MID,6.2,LEE,False,True,False,232,180,0.563,0.2784,1.0,0.0,-0.2843,-0.1635,1.3511,1.4143,0.4098,0.2743,0.4065,-0.3863,-0.4622,0.2254,0.2845,0.4002,xgi_per90|minutes_per_app|fixture_score|fdr_next3|fdr_next1|points_per_million|form|defcon_surplus_per90|defcon_hit_rate|bonus_per90|net_transfers|rival_ownership,0,0
4,2026-09-12T07:11:32.601085+00:00,watchlist,268,King,FUL,MID,5.5,LIV,False,True,False,270,180,0.6,0.2706,1.0,0.0,0.1078,0.6472,0.7907,-0.4208,-1.5114,0.7602,0.5512,-0.4194,-0.5462,0.5952,-0.0855,0.589,xgi_per90|minutes_per_app|fixture_score|fdr_next3|fdr_next1|points_per_million|form|defcon_surplus_per90|defcon_hit_rate|bonus_per90|net_transfers|rival_ownership,76,3
4,2026-09-12T07:11:32.601085+00:00,watchlist,214,Kamada,CRY,MID,5.0,IPS,True,True,False,268,180,0.598,0.2684,1.0,0.0,-0.8235,0.6025,1.6911,1.8546,1.8745,-0.5208,-0.8959,0.9378,1.1345,-0.99,-0.2423,0.589,xgi_per90|minutes_per_app|fixture_score|fdr_next3|fdr_next1|points_per_million|form|defcon_surplus_per90|defcon_hit_rate|bonus_per90|net_transfers|rival_ownership,83,8
4,2026-09-12T07:11:32.601085+00:00,watchlist,453,Barnes,NEW,MID,6.0,LEE,False,True,False,270,180,0.6,0.2385,1.0,0.0,-0.9216,0.6472,1.3511,1.4143,0.4098,0.2125,0.2618,-0.4194,-0.5462,0.0668,0.3173,0.589,xgi_per90|minutes_per_app|fixture_score|fdr_next3|fdr_next1|points_per_million|form|defcon_surplus_per90|defcon_hit_rate|bonus_per90|net_transfers|rival_ownership,90,2
4,2026-09-12T07:11:32.601085+00:00,watchlist,98,Janelt,BRE,MID,5.0,BOU,False,True,False,270,180,0.6,0.2183,1.0,0.0,-0.3824,0.6472,-0.7371,-0.7665,-0.7193,1.4228,0.8889,0.2426,2.8151,0.5952,0.2744,0.589,xgi_per90|minutes_per_app|fixture_score|fdr_next3|fdr_next1|points_per_million|form|defcon_surplus_per90|defcon_hit_rate|bonus_per90|net_transfers|rival_ownership,90,4
4,2026-09-12T07:11:32.601085+00:00,watchlist,210,Wharton,CRY,MID,5.5,IPS,True,True,False,270,180,0.6,0.1992,1.0,0.0,-0.8725,0.6472,1.6911,1.8546,1.8745,-1.0067,-1.1853,0.9047,1.1345,-0.99,-0.297,0.589,xgi_per90|minutes_per_app|fixture_score|fdr_next3|fdr_next1|points_per_million|form|defcon_surplus_per90|defcon_hit_rate|bonus_per90|net_transfers|rival_ownership,76,2
4,2026-09-12T07:11:32.601085+00:00,watchlist,567,Horníček,NEW,GKP,5.0,LEE,False,True,False,270,180,0.6,0.1766,0.8,0.0,,0.6472,1.1923,1.3204,0.7432,-0.5208,-0.8959,0.0,0.0,-1.3598,-0.1717,0.589,minutes_per_app|fixture_score|fdr_next3|fdr_next1|points_per_million|form|defcon_surplus_per90|defcon_hit_rate|bonus_per90|net_transfers|rival_ownership,90,1
4,2026-09-12T07:11:32.601085+00:00,watchlist,12,Saka,ARS,MID,9.5,SUN,False,True,False,246,180,0.577,0.1685,1.0,0.0,0.7941,0.1365,-0.7993,-0.2642,-0.4068,-0.2381,1.0336,-0.3863,-0.5462,1.2822,-0.0377,0.0227,xgi_per90|minutes_per_app|fixture_score|fdr_next3|fdr_next1|points_per_million|form|defcon_surplus_per90|defcon_hit_rate|bonus_per90|net_transfers|rival_ownership,90,8
4,2026-09-12T07:11:32.601085+00:00,watchlist,480,Gibbs-White,NFO,MID,7.9,AVL,False,True,False,270,180,0.6,0.1645,1.0,0.0,0.3039,0.6472,-0.2965,0.4569,-0.6703,-0.2734,0.4065,-0.4194,-0.5462,0.5952,-0.1919,0.589,xgi_per90|minutes_per_app|fixture_score|fdr_next3|fdr_next1|points_per_million|form|defcon_surplus_per90|defcon_hit_rate|bonus_per90|net_transfers|rival_ownership,90,8
4,2026-09-12T07:11:32.601085+00:00,watchlist,204,Mitchell,CRY,DEF,4.5,IPS,True,True,False,253,180,0.584,0.1426,1.0,0.0,-0.6765,0.2833,1.0723,1.0377,1.2257,0.8574,0.0688,-0.8394,-1.1461,-0.2238,0.5409,0.2114,xgi_per90|minutes_per_app|fixture_score|fdr_next3|fdr_next1|points_per_million|form|defcon_surplus_per90|defcon_hit_rate|bonus_per90|net_transfers|rival_ownership,76,1
4,2026-09-12T07:11:32.601085+00:00,watchlist,367,Gakpo,LIV,MID,7.2,FUL,True,True,False,250,180,0.581,0.1423,1.0,0.25,0.451,0.2195,-1.398,-0.6956,0.5079,1.149,1.9983,-0.3863,1.1345,1.8106,1.5845,0.4002,xgi_per90|minutes_per_app|fixture_score|fdr_next3|fdr_next1|points_per_million|form|defcon_surplus_per90|defcon_hit_rate|bonus_per90|net_transfers|rival_ownership,30,1
4,2026-09-12T07:11:32.601085+00:00,watchlist,86,Lewis-Potter,BRE,MID,5.5,BOU,False,True,False,267,180,0.597,0.1097,1.0,0.0,0.5,0.5833,-0.7371,-0.7665,-0.7193,0.6012,0.4065,-0.3863,-0.5462,0.5952,-0.3127,0.589,xgi_per90|minutes_per_app|fixture_score|fdr_next3|fdr_next1|points_per_million|form|defcon_surplus_per90|defcon_hit_rate|bonus_per90|net_transfers|rival_ownership,59,1
4,2026-09-12T07:11:32.601085+00:00,watchlist,569,Gonzalo,FUL,FWD,6.0,LIV,False,True,False,270,180,0.6,0.0724,1.0,0.0,0.8431,0.6472,0.654,-0.4037,-1.4379,-0.8124,-0.8959,0.0,0.0,-1.0692,-0.5719,0.589,xgi_per90|minutes_per_app|fixture_score|fdr_next3|fdr_next1|points_per_million|form|defcon_surplus_per90|defcon_hit_rate|bonus_per90|net_transfers|rival_ownership,76,2
4,2026-09-12T07:11:32.601085+00:00,watchlist,236,Dewsbury-Hall,EVE,MID,6.5,TOT,False,True,False,270,180,0.6,0.038,1.0,0.0,-0.3333,0.6472,0.0675,0.4037,-0.658,-0.2469,-0.0759,-0.4194,-0.5462,0.5952,-0.1302,0.589,xgi_per90|minutes_per_app|fixture_score|fdr_next3|fdr_next1|points_per_million|form|defcon_surplus_per90|defcon_hit_rate|bonus_per90|net_transfers|rival_ownership,90,2
4,2026-09-12T07:11:32.601085+00:00,watchlist,279,Ajayi,HUL,DEF,4.2,CHE,False,True,False,243,180,0.574,0.0243,1.0,0.0,-1.1176,0.0727,0.4725,-0.853,-2.0193,2.9689,1.5159,-0.8394,-1.1461,-0.1709,0.8606,0.4002,xgi_per90|minutes_per_app|fixture_score|fdr_next3|fdr_next1|points_per_million|form|defcon_surplus_per90|defcon_hit_rate|bonus_per90|net_transfers|rival_ownership,90,1
4,2026-09-12T07:11:32.601085+00:00,watchlist,173,Thomas,COV,DEF,4.0,BHA,True,True,False,257,180,0.588,-0.0384,1.0,0.0,-1.2157,0.3727,0.328,-0.2582,0.0423,1.0253,-0.0759,0.4121,1.2176,-0.2238,-0.0261,0.2114,xgi_per90|minutes_per_app|fixture_score|fdr_next3|fdr_next1|points_per_million|form|defcon_surplus_per90|defcon_hit_rate|bonus_per90|net_transfers|rival_ownership,90,0
4,2026-09-12T07:11:32.601085+00:00,watchlist,115,De Cuyper,BHA,DEF,4.8,COV,False,True,False,243,180,0.574,-0.0495,1.0,0.0,0.3039,0.0727,-1.7095,-0.3791,0.7078,1.5819,0.8889,-0.8394,-1.1461,-0.1709,1.7131,-0.5437,xgi_per90|minutes_per_app|fixture_score|fdr_next3|fdr_next1|points_per_million|form|defcon_surplus_per90|defcon_hit_rate|bonus_per90|net_transfers|rival_ownership,90,11
4,2026-09-12T07:11:32.601085+00:00,watchlist,26,Havertz,ARS,FWD,7.5,SUN,False,True,False,257,180,0.588,-0.053,1.0,0.0,0.1569,0.3727,-0.9091,-0.2553,-0.4079,-0.406,0.0688,0.0,0.0,0.0668,0.2053,0.4002,xgi_per90|minutes_per_app|fixture_score|fdr_next3|fdr_next1|points_per_million|form|defcon_surplus_per90|defcon_hit_rate|bonus_per90|net_transfers|rival_ownership,90,1
4,2026-09-12T07:11:32.601085+00:00,watchlist,242,George,EVE,MID,5.5,TOT,False,True,False,234,180,0.565,-0.0795,1.0,0.0,-0.6275,-0.1188,0.0675,0.4037,-0.658,0.1241,-0.0759,-0.3863,-0.4622,0.8066,-0.141,0.589,xgi_per90|minutes_per_app|fixture_score|fdr_next3|fdr_next1|points_per_million|form|defcon_surplus_per90|defcon_hit_rate|bonus_per90|net_transfers|rival_ownership,64,3
4,2026-09-12T07:11:32.601085+00:00,watchlist,565,M.Sangaré,BRE,MID,5.7,BOU,False,True,False,210,180,0.538,-0.094,1.0,0.0,-0.1373,-0.6295,-0.7371,-0.7665,-0.7193,0.504,0.4065,1.9308,2.563,0.9651,-1.1304,-1.865,xgi_per90|minutes_per_app|fixture_score|fdr_next3|fdr_next1|points_per_million|form|defcon_surplus_per90|defcon_hit_rate|bonus_per90|net_transfers|rival_ownership,90,4
4,2026-09-12T07:11:32.601085+00:00,watchlist,330,Bogle,LEE,DEF,4.5,NEW,True,True,False,217,180,0.547,-0.0992,1.0,0.0,-0.5784,-0.4826,-0.8497,-0.8337,0.6577,2.0324,1.0336,-0.8089,-1.0855,0.5424,0.1089,0.589,xgi_per90|minutes_per_app|fixture_score|fdr_next3|fdr_next1|points_per_million|form|defcon_surplus_per90|defcon_hit_rate|bonus_per90|net_transfers|rival_ownership,82,15
4,2026-09-12T07:11:32.601085+00:00,watchlist,230,Branthwaite,EVE,DEF,5.5,TOT,False,True,False,270,180,0.6,-0.1654,1.0,0.0,-1.5098,0.6472,0.1908,0.7089,-0.4481,-0.2028,-0.4135,0.9615,1.2176,-1.3334,-0.2301,0.589,xgi_per90|minutes_per_app|fixture_score|fdr_next3|fdr_next1|points_per_million|form|defcon_surplus_per90|defcon_hit_rate|bonus_per90|net_transfers|rival_ownership,90,6
4,2026-09-12T07:11:32.601085+00:00,watchlist,94,Schade,BRE,MID,6.0,BOU,False,True,False,267,180,0.597,-0.1759,1.0,0.0,-0.2353,0.5833,-0.7371,-0.7665,-0.7193,-0.0791,-0.0759,-0.3863,-0.5462,0.5952,-0.5287,0.0227,xgi_per90|minutes_per_app|fixture_score|fdr_next3|fdr_next1|points_per_million|form|defcon_surplus_per90|defcon_hit_rate|bonus_per90|net_transfers|rival_ownership,90,15
4,2026-09-12T07:11:32.601085+00:00,watchlist,447,Botman,NEW,DEF,5.0,LEE,False,True,False,270,180,0.6,-0.1775,1.0,0.0,-1.5098,0.6472,1.4913,1.3665,0.4751,-0.6975,-1.0406,-0.87,0.0055,-1.3334,-0.2881,0.589,xgi_per90|minutes_per_app|fixture_score|fdr_next3|fdr_next1|points_per_million|form|defcon_surplus_per90|defcon_hit_rate|bonus_per90|net_transfers|rival_ownership,90,2
4,2026-09-12T07:11:32.601085+00:00,watchlist,483,Ndoye,NFO,MID,5.5,AVL,False,True,False,184,180,0.505,-0.1784,1.0,0.0,0.2059,-1.1848,-0.2965,0.4569,-0.6703,-0.2028,-0.4135,-0.3532,-0.4622,0.516,-0.3023,0.589,xgi_per90|minutes_per_app|fixture_score|fdr_next3|fdr_next1|points_per_million|form|defcon_surplus_per90|defcon_hit_rate|bonus_per90|net_transfers|rival_ownership,74,1
4,2026-09-12T07:11:32.601085+00:00,watchlist,10,White,ARS,DEF,5.5,SUN,False,True,False,270,180,0.6,-0.18,1.0,0.0,-1.2157,0.6472,-0.6474,-0.2002,0.4951,0.9281,0.7442,-0.87,-1.2067,0.2518,-0.2679,0.2114,xgi_per90|minutes_per_app|fixture_score|fdr_next3|fdr_next1|points_per_million|form|defcon_surplus_per90|defcon_hit_rate|bonus_per90|net_transfers|rival_ownership,45,1
4,2026-09-12T07:11:32.601085+00:00,watchlist,41,Buendía,AVL,MID,5.9,NFO,True,True,False,249,180,0.58,-0.1805,1.0,0.0,-0.1863,0.2003,0.8338,0.1525,0.2566,-1.2364,-1.3783,-0.3863,-0.5462,-0.9635,-0.3188,0.589,xgi_per90|minutes_per_app|fixture_score|fdr_next3|fdr_next1|points_per_million|form|defcon_surplus_per90|defcon_hit_rate|bonus_per90|net_transfers|rival_ownership,62,2
4,2026-09-12T07:11:32.601085+00:00,watchlist,316,Emersonn,IPS,FWD,5.5,CRY,False,True,False,175,180,0.493,-0.1895,1.0,0.0,0.9412,-1.3763,-1.2622,-0.5325,-0.5621,-0.3618,-0.5582,0.0,0.0,1.1765,-0.2821,0.589,xgi_per90|minutes_per_app|fixture_score|fdr_next3|fdr_next1|points_per_million|form|defcon_surplus_per90|defcon_hit_rate|bonus_per90|net_transfers|rival_ownership,62,12
4,2026-09-12T07:11:32.601085+00:00,watchlist,428,Cunha,MUN,MID,7.9,MCI,True,True,False,227,180,0.558,-0.2032,1.0,0.0,-0.1373,-0.2656,0.3309,-0.1253,-1.2157,-0.724,-0.2206,-0.3863,-0.4622,-0.3295,-0.865,0.4002,xgi_per90|minutes_per_app|fixture_score|fdr_next3|fdr_next1|points_per_million|form|defcon_surplus_per90|defcon_hit_rate|bonus_per90|net_transfers|rival_ownership,90,2
4,2026-09-12T07:11:32.601085+00:00,watchlist,106,Thiago,BRE,FWD,7.9,BOU,False,True,False,262,180,0.593,-0.2233,1.0,0.0,1.6275,0.4748,-0.8479,-0.7312,-0.6993,-1.8372,-1.8606,0.0,0.0,-1.0428,-1.5137,0.0227,xgi_per90|minutes_per_app|fixture_score|fdr_next3|fdr_next1|points_per_million|form|defcon_surplus_per90|defcon_hit_rate|bonus_per90|net_transfers|rival_ownership,90,1
4,2026-09-12T07:11:32.601085+00:00,watchlist,472,Murillo,NFO,DEF,5.5,AVL,False,True,False,269,180,0.599,-0.2261,1.0,0.0,-1.0686,0.628,-0.7558,-0.2002,-0.4206,-0.2028,-0.4135,1.572,1.2176,-1.3334,-0.2666,0.589,xgi_per90|minutes_per_app|fixture_score|fdr_next3|fdr_next1|points_per_million|form|defcon_surplus_per90|defcon_hit_rate|bonus_per90|net_transfers|rival_ownership,90,6
4,2026-09-12T07:11:32.601085+00:00,watchlist,399,Cherki,MCI,MID,7.8,MUN,False,True,False,173,180,0.49,-0.2503,1.0,0.0,1.4804,-1.4146,0.3693,-1.5142,-1.5574,0.5482,1.5159,-0.3201,-0.4622,1.9427,-0.7335,-0.1661,xgi_per90|minutes_per_app|fixture_score|fdr_next3|fdr_next1|points_per_million|form|defcon_surplus_per90|defcon_hit_rate|bonus_per90|net_transfers|rival_ownership,45,1
4,2026-09-12T07:11:32.601085+00:00,watchlist,593,Dedić,NEW,DEF,4.5,LEE,False,True,False,270,180,0.6,-0.2731,1.0,0.25,-1.4608,0.6472,1.4913,1.3665,0.4751,0.2655,-0.4135,-0.87,-1.2067,-0.2766,-0.28,0.4002,xgi_per90|minutes_per_app|fixture_score|fdr_next3|fdr_next1|points_per_million|form|defcon_surplus_per90|defcon_hit_rate|bonus_per90|net_transfers|rival_ownership,57,0
4,2026-09-12T07:11:32.601085+00:00,watchlist,161,Lavia,CHE,MID,5.0,HUL,True,True,False,190,180,0.514,-0.2741,1.0,0.0,-0.0392,-1.0571,0.2208,0.3652,1.0196,-0.6975,-1.0406,-0.3532,-0.4622,-0.805,-0.2746,0.589,xgi_per90|minutes_per_app|fixture_score|fdr_next3|fdr_next1|points_per_million|form|defcon_surplus_per90|defcon_hit_rate|bonus_per90|net_transfers|rival_ownership,68,2
4,2026-09-12T07:11:32.601085+00:00,watchlist,591,Enciso,IPS,MID,5.5,CRY,False,True,False,250,180,0.581,-0.2829,1.0,0.0,0.402,0.2195,-1.1585,-0.5567,-0.5722,-0.5208,-0.703,-0.3863,-0.5462,-0.9635,-0.2388,0.589,xgi_per90|minutes_per_app|fixture_score|fdr_next3|fdr_next1|points_per_million|form|defcon_surplus_per90|defcon_hit_rate|bonus_per90|net_transfers|rival_ownership,90,2
4,2026-09-12T07:11:32.601085+00:00,watchlist,127,Gomez,BHA,MID,5.0,COV,False,True,False,265,180,0.596,-0.3251,1.0,0.0,0.1569,0.5387,-1.6518,-1.1478,0.4267,0.0093,-0.4135,-0.3863,-0.5462,-0.99,-0.2747,0.2114,xgi_per90|minutes_per_app|fixture_score|fdr_next3|fdr_next1|points_per_million|form|defcon_surplus_per90|defcon_hit_rate|bonus_per90|net_transfers|rival_ownership,83,3
4,2026-09-12T07:11:32.601085+00:00,watchlist,469,N.Williams,NFO,DEF,5.0,AVL,False,True,False,270,180,0.6,-0.3251,1.0,0.0,-1.3137,0.6472,-0.7558,-0.2002,-0.4206,0.3627,-0.0759,0.351,0.0055,-0.805,-0.2562,0.0227,xgi_per90|minutes_per_app|fixture_score|fdr_next3|fdr_next1|points_per_million|form|defcon_surplus_per90|defcon_hit_rate|bonus_per90|net_transfers|rival_ownership,90,2
4,2026-09-12T07:11:32.601085+00:00,watchlist,504,Vuskovic,BHA,DEF,5.0,COV,False,True,False,270,180,0.6,-0.3435,1.0,0.0,-1.2647,0.6472,-1.7095,-0.3791,0.7078,0.8927,0.4065,-0.87,0.0055,-0.2766,0.067,0.4002,xgi_per90|minutes_per_app|fixture_score|fdr_next3|fdr_next1|points_per_million|form|defcon_surplus_per90|defcon_hit_rate|bonus_per90|net_transfers|rival_ownership,77,6
4,2026-09-12T07:11:32.601085+00:00,watchlist,388,Guéhi,MCI,DEF,6.0,MUN,False,True,False,270,180,0.6,-0.3787,1.0,0.0,-0.4314,0.6472,-1.3483,-2.9371,-2.297,0.6542,0.7442,-0.87,-1.2067,0.7802,-0.3732,0.2114,xgi_per90|minutes_per_app|fixture_score|fdr_next3|fdr_next1|points_per_million|form|defcon_surplus_per90|defcon_hit_rate|bonus_per90|net_transfers|rival_ownership,90,6
4,2026-09-12T07:11:32.601085+00:00,watchlist,211,Yeremy,CRY,MID,5.5,IPS,True,True,False,190,180,0.514,-0.4111,1.0,0.0,-0.0882,-1.0571,1.6911,1.8546,1.8745,-0.5208,-0.703,-0.3532,-0.4622,-0.805,-0.1863,0.589,xgi_per90|minutes_per_app|fixture_score|fdr_next3|fdr_next1|points_per_million|form|defcon_surplus_per90|defcon_hit_rate|bonus_per90|net_transfers|rival_ownership,36,1
4,2026-09-12T07:11:32.601085+00:00,watchlist,4,Gabriel,ARS,DEF,8.0,SUN,False,True,False,270,180,0.6,-0.4617,1.0,0.0,-1.1667,0.6472,-0.6474,-0.2002,0.4951,-0.6268,-0.0759,-0.87,0.0055,-1.3334,-1.1088,0.0227,xgi_per90|minutes_per_app|fixture_score|fdr_next3|fdr_next1|points_per_million|form|defcon_surplus_per90|defcon_hit_rate|bonus_per90|net_transfers|rival_ownership,90,9
4,2026-09-12T07:11:32.601085+00:00,watchlist,460,Willock,NEW,MID,5.0,LEE,False,True,False,166,180,0.48,-0.5663,1.0,0.0,0.0098,-1.5678,1.3511,1.4143,0.4098,-0.3441,-0.703,-0.3201,-0.4622,-0.7258,-0.262,0.589,xgi_per90|minutes_per_app|fixture_score|fdr_next3|fdr_next1|points_per_million|form|defcon_surplus_per90|defcon_hit_rate|bonus_per90|net_transfers|rival_ownership,32,1
4,2026-09-12T07:11:32.601085+00:00,watchlist,588,Khalaili,CRY,DEF,5.0,IPS,True,True,False,199,180,0.525,-0.5742,1.0,0.0,-0.5294,-0.8656,1.0723,1.0377,1.2257,-1.2276,-1.523,2.1215,1.0964,-1.2277,-0.2291,0.589,xgi_per90|minutes_per_app|fixture_score|fdr_next3|fdr_next1|points_per_million|form|defcon_surplus_per90|defcon_hit_rate|bonus_per90|net_transfers|rival_ownership,90,7
4,2026-09-12T07:11:32.601085+00:00,watchlist,398,Foden,MCI,MID,7.0,MUN,False,True,False,195,180,0.52,-0.5743,1.0,0.0,1.9216,-0.9486,0.3693,-1.5142,-1.5574,-0.9007,-0.703,-0.3532,-0.4622,-0.1974,-1.063,-0.1661,xgi_per90|minutes_per_app|fixture_score|fdr_next3|fdr_next1|points_per_million|form|defcon_surplus_per90|defcon_hit_rate|bonus_per90|net_transfers|rival_ownership,22,-2
4,2026-09-12T07:11:32.601085+00:00,watchlist,492,Awoniyi,COV,FWD,5.5,BHA,True,True,False,180,180,0.5,-0.7364,1.0,0.0,1.0882,-1.2678,0.2396,-0.5577,0.4021,-1.4838,-1.6677,0.0,0.0,-0.8579,-0.3008,0.589,xgi_per90|minutes_per_app|fixture_score|fdr_next3|fdr_next1|points_per_million|form|defcon_surplus_per90|defcon_hit_rate|bonus_per90|net_transfers|rival_ownership,52,-2
4,2026-09-12T07:11:32.601085+00:00,watchlist,156,Neto,CHE,MID,6.5,HUL,True,True,False,161,180,0.472,-0.7785,1.0,0.0,0.3039,-1.6699,0.2208,0.3652,1.0196,-0.9272,-0.8959,-0.3201,-0.4622,-0.7258,-0.2277,0.589,xgi_per90|minutes_per_app|fixture_score|fdr_next3|fdr_next1|points_per_million|form|defcon_surplus_per90|defcon_hit_rate|bonus_per90|net_transfers|rival_ownership,85,2
4,2026-09-12T07:11:32.601085+00:00,watchlist,222,Strand Larsen,CRY,FWD,6.0,IPS,True,True,False,134,180,0.427,-1.1942,1.0,0.0,0.2059,-2.2444,1.5391,1.752,1.7193,-1.6958,-1.8606,0.0,0.0,-0.6993,-0.2532,0.589,xgi_per90|minutes_per_app|fixture_score|fdr_next3|fdr_next1|points_per_million|form|defcon_surplus_per90|defcon_hit_rate|bonus_per90|net_transfers|rival_ownership,83,8
4,2026-09-12T07:11:32.601085+00:00,watchlist,643,Chilwell,CRY,DEF,4.5,IPS,True,True,False,16,180,0.082,-1.9493,1.0,0.0,-0.8235,-4.0763,1.0723,1.0377,1.2257,-0.9095,0.8889,-0.1374,-0.1764,-0.6201,-0.1582,0.589,xgi_per90|minutes_per_app|fixture_score|fdr_next3|fdr_next1|points_per_million|form|defcon_surplus_per90|defcon_hit_rate|bonus_per90|net_transfers|rival_ownership,13,1
5,2026-09-18T07:13:33.498774+00:00,squad,109,Verbruggen,BHA,GKP,4.5,ARS,True,True,False,360,180,0.667,-0.5001,0.8,0.0,,0.7,-1.4027,-1.3496,-1.4107,0.1462,-0.5414,0.0,0.0,-1.2452,-0.5629,-1.8488,minutes_per_app|fixture_score|fdr_next3|fdr_next1|points_per_million|form|defcon_surplus_per90|defcon_hit_rate|bonus_per90|net_transfers|rival_ownership,90,6
5,2026-09-18T07:13:33.498774+00:00,squad,586,Mendy,HUL,DEF,4.1,NEW,False,False,False,249,180,0.58,-1.1487,1.0,1.0,-1.2432,-1.4214,0.3979,1.1124,0.7897,1.7806,0.5725,0.368,0.7127,-0.5962,-1.1504,-0.1531,xgi_per90|minutes_per_app|fixture_score|fdr_next3|fdr_next1|points_per_million|form|defcon_surplus_per90|defcon_hit_rate|bonus_per90|net_transfers|rival_ownership,0,0
5,2026-09-18T07:13:33.498774+00:00,squad,229,Tarkowski,EVE,DEF,6.1,IPS,True,True,False,360,180,0.667,0.2345,1.0,0.0,-1.4868,0.7,0.8597,0.5241,0.5277,0.8295,1.1295,-0.1779,0.8228,0.3894,1.0233,0.4122,xgi_per90|minutes_per_app|fixture_score|fdr_next3|fdr_next1|points_per_million|form|defcon_surplus_per90|defcon_hit_rate|bonus_per90|net_transfers|rival_ownership,90,14
5,2026-09-18T07:13:33.498774+00:00,squad,8,Calafiori,ARS,DEF,5.8,BHA,False,True,False,326,180,0.644,-0.4039,1.0,0.0,-0.6096,0.0514,-0.5169,-0.9288,-1.0136,0.8859,1.0181,-0.6631,-0.9934,-0.3317,0.7655,-3.1677,xgi_per90|minutes_per_app|fixture_score|fdr_next3|fdr_next1|points_per_million|form|defcon_surplus_per90|defcon_hit_rate|bonus_per90|net_transfers|rival_ownership,90,1
5,2026-09-18T07:13:33.498774+00:00,squad,124,Groß,BHA,MID,5.7,ARS,True,True,False,360,180,0.667,0.1373,1.0,0.0,0.6087,0.7,-1.7168,-1.2277,-2.3976,1.5622,1.6864,-0.4246,-0.5572,1.3269,2.5227,-1.2836,xgi_per90|minutes_per_app|fixture_score|fdr_next3|fdr_next1|points_per_million|form|defcon_surplus_per90|defcon_hit_rate|bonus_per90|net_transfers|rival_ownership,90,14
5,2026-09-18T07:13:33.498774+00:00,squad,368,Szoboszlai,LIV,MID,7.0,BOU,False,True,False,360,180,0.667,-0.5645,1.0,0.0,0.4625,0.7,-2.0528,-1.7559,-0.1391,-0.7062,-0.3743,-0.0074,0.681,-0.6923,-2.5667,-2.414,xgi_per90|minutes_per_app|fixture_score|fdr_next3|fdr_next1|points_per_million|form|defcon_surplus_per90|defcon_hit_rate|bonus_per90|net_transfers|rival_ownership,80,2
5,2026-09-18T07:13:33.498774+00:00,squad,426,B.Fernandes,MUN,MID,12.0,FUL,False,True,False,360,180,0.667,0.4587,1.0,0.0,1.5346,0.7,0.6072,1.2435,0.8874,-0.8119,1.1295,-0.4246,-0.5572,0.125,-1.7143,-1.472,xgi_per90|minutes_per_app|fixture_score|fdr_next3|fdr_next1|points_per_million|form|defcon_surplus_per90|defcon_hit_rate|bonus_per90|net_transfers|rival_ownership,90,2
5,2026-09-18T07:13:33.498774+00:00,squad,427,Mbeumo,MUN,MID,7.9,FUL,False,True,False,360,180,0.667,0.4825,1.0,0.0,1.4859,0.7,0.6072,1.2435,0.8874,-0.4667,0.3498,-0.4246,-0.5572,0.125,-1.3209,-0.3415,xgi_per90|minutes_per_app|fixture_score|fdr_next3|fdr_next1|points_per_million|form|defcon_surplus_per90|defcon_hit_rate|bonus_per90|net_transfers|rival_ownership,90,2
5,2026-09-18T07:13:33.498774+00:00,squad,346,Calvert-Lewin,LEE,FWD,6.0,CRY,True,True,False,329,180,0.646,0.1699,1.0,0.0,1.3397,0.1048,-0.4368,-0.7134,0.5946,-0.1708,-0.0958,0.0,0.0,0.8221,1.1473,-1.472,xgi_per90|minutes_per_app|fixture_score|fdr_next3|fdr_next1|points_per_million|form|defcon_surplus_per90|defcon_hit_rate|bonus_per90|net_transfers|rival_ownership,90,2
5,2026-09-18T07:13:33.498774+00:00,squad,411,Haaland,MCI,FWD,15.6,SUN,True,True,False,360,180,0.667,0.6335,1.0,0.0,2.1681,0.7,0.0928,0.5688,0.2363,-1.0232,1.6864,0.0,0.0,2.6731,0.5584,-3.7329,xgi_per90|minutes_per_app|fixture_score|fdr_next3|fdr_next1|points_per_million|form|defcon_surplus_per90|defcon_hit_rate|bonus_per90|net_transfers|rival_ownership,90,6
5,2026-09-18T07:13:33.498774+00:00,squad,165,João Pedro,CHE,FWD,7.8,BRE,False,True,False,360,180,0.667,-0.0468,1.0,0.25,0.9498,0.7,-0.5025,-0.5729,-1.0665,0.4632,1.6864,0.0,0.0,1.8798,-0.8372,-3.5445,xgi_per90|minutes_per_app|fixture_score|fdr_next3|fdr_next1|points_per_million|form|defcon_surplus_per90|defcon_hit_rate|bonus_per90|net_transfers|rival_ownership,0,0
5,2026-09-18T07:13:33.498774+00:00,squad,226,Pickford,EVE,GKP,5.5,IPS,True,True,False,360,180,0.667,0.1109,0.8,0.0,,0.7,0.8593,0.311,0.6179,-0.3399,-0.5414,0.0,0.0,-1.2452,-0.18,0.4122,minutes_per_app|fixture_score|fdr_next3|fdr_next1|points_per_million|form|defcon_surplus_per90|defcon_hit_rate|bonus_per90|net_transfers|rival_ownership,90,8
5,2026-09-18T07:13:33.498774+00:00,squad,127,Gomez,BHA,MID,5.0,ARS,True,True,False,348,180,0.659,-0.5224,1.0,0.0,0.0726,0.4711,-1.7168,-1.2277,-2.3976,-0.2624,-0.6527,-0.4246,-0.5572,-1.0769,-0.6752,0.2237,xgi_per90|minutes_per_app|fixture_score|fdr_next3|fdr_next1|points_per_million|form|defcon_surplus_per90|defcon_hit_rate|bonus_per90|net_transfers|rival_ownership,85,8
5,2026-09-18T07:13:33.498774+00:00,squad,173,Thomas,COV,DEF,4.0,NFO,False,True,False,347,180,0.658,-0.2796,1.0,0.0,-1.097,0.4558,0.0071,-0.0465,-1.1055,0.125,-0.7641,-0.1475,0.7677,-0.3798,-0.5785,0.2237,xgi_per90|minutes_per_app|fixture_score|fdr_next3|fdr_next1|points_per_million|form|defcon_surplus_per90|defcon_hit_rate|bonus_per90|net_transfers|rival_ownership,90,9
5,2026-09-18T07:13:33.498774+00:00,squad,259,Diop,IPS,DEF,4.0,EVE,False,True,False,360,180,0.667,-0.7704,1.0,0.0,-1.5356,0.7,-0.4991,-1.5818,-0.67,-1.1078,-1.7666,0.0799,0.8228,-1.2212,-0.8348,-0.5299,xgi_per90|minutes_per_app|fixture_score|fdr_next3|fdr_next1|points_per_million|form|defcon_surplus_per90|defcon_hit_rate|bonus_per90|net_transfers|rival_ownership,90,4
5,2026-09-18T07:13:33.498774+00:00,watchlist,572,Tzolakis,HUL,GKP,4.6,NEW,False,True,False,360,180,0.667,0.6078,0.8,0.0,,0.7,0.544,1.0393,0.7928,1.7735,1.0181,0.0,0.0,1.1587,0.2678,0.6006,minutes_per_app|fixture_score|fdr_next3|fdr_next1|points_per_million|form|defcon_surplus_per90|defcon_hit_rate|bonus_per90|net_transfers|rival_ownership,90,6
5,2026-09-18T07:13:33.498774+00:00,watchlist,249,Barry,EVE,FWD,5.6,IPS,True,True,False,327,180,0.645,0.5096,1.0,0.0,1.827,0.0743,1.1396,0.7444,1.6446,-0.7555,-0.9312,0.0,0.0,-0.0192,0.2327,0.2237,xgi_per90|minutes_per_app|fixture_score|fdr_next3|fdr_next1|points_per_million|form|defcon_surplus_per90|defcon_hit_rate|bonus_per90|net_transfers|rival_ownership,90,6
5,2026-09-18T07:13:33.498774+00:00,watchlist,68,Tavernier,BOU,MID,6.1,LIV,True,True,False,350,180,0.66,0.4499,1.0,0.0,0.8523,0.5092,-0.3088,-0.8695,-1.0584,0.8295,1.1295,-0.4246,-0.5572,2.1923,1.1523,0.6006,xgi_per90|minutes_per_app|fixture_score|fdr_next3|fdr_next1|points_per_million|form|defcon_surplus_per90|defcon_hit_rate|bonus_per90|net_transfers|rival_ownership,74,2
5,2026-09-18T07:13:33.498774+00:00,watchlist,480,Gibbs-White,NFO,MID,8.0,COV,True,True,False,360,180,0.667,0.3774,1.0,0.0,0.8523,0.7,-0.7168,-0.4869,1.2733,-0.2272,0.7396,-0.4246,-0.5572,1.3269,2.8922,0.0353,xgi_per90|minutes_per_app|fixture_score|fdr_next3|fdr_next1|points_per_million|form|defcon_surplus_per90|defcon_hit_rate|bonus_per90|net_transfers|rival_ownership,90,2
5,2026-09-18T07:13:33.498774+00:00,watchlist,98,Janelt,BRE,MID,5.0,CHE,True,True,False,360,180,0.667,0.3715,1.0,0.0,-0.5122,0.7,-0.2168,-0.7541,-0.3358,1.0056,0.5725,3.2572,3.0845,0.125,-0.2717,0.4122,xgi_per90|minutes_per_app|fixture_score|fdr_next3|fdr_next1|points_per_million|form|defcon_surplus_per90|defcon_hit_rate|bonus_per90|net_transfers|rival_ownership,90,3
5,2026-09-18T07:13:33.498774+00:00,watchlist,268,King,FUL,MID,5.5,MUN,True,True,False,346,180,0.658,0.3613,1.0,0.0,0.0726,0.4329,1.4672,0.9611,-0.4417,0.3012,0.1827,-0.4246,-0.5572,0.1731,0.0319,0.6006,xgi_per90|minutes_per_app|fixture_score|fdr_next3|fdr_next1|points_per_million|form|defcon_surplus_per90|defcon_hit_rate|bonus_per90|net_transfers|rival_ownership,79,2
5,2026-09-18T07:13:33.498774+00:00,watchlist,12,Saka,ARS,MID,9.5,BHA,False,True,False,336,180,0.651,0.3461,1.0,0.0,1.5833,0.2421,-0.6648,-0.6539,0.209,-0.2906,1.2966,-0.4246,-0.5572,0.6298,0.4413,0.0353,xgi_per90|minutes_per_app|fixture_score|fdr_next3|fdr_next1|points_per_million|form|defcon_surplus_per90|defcon_hit_rate|bonus_per90|net_transfers|rival_ownership,80,2
5,2026-09-18T07:13:33.498774+00:00,watchlist,286,Belloumi,HUL,MID,5.1,NEW,False,True,False,312,180,0.634,0.3458,1.0,0.0,-0.7558,-0.2157,1.2072,1.3194,0.8899,1.2099,0.9067,-0.4001,0.6082,-0.1394,1.5456,0.6006,xgi_per90|minutes_per_app|fixture_score|fdr_next3|fdr_next1|points_per_million|form|defcon_surplus_per90|defcon_hit_rate|bonus_per90|net_transfers|rival_ownership,82,4
5,2026-09-18T07:13:33.498774+00:00,watchlist,277,Egan,HUL,DEF,4.1,NEW,False,True,False,360,180,0.667,0.3362,1.0,0.0,-1.633,0.7,0.3979,1.1124,0.7897,1.7806,0.5725,3.8707,1.7034,-0.8125,0.0617,-0.3415,xgi_per90|minutes_per_app|fixture_score|fdr_next3|fdr_next1|points_per_million|form|defcon_surplus_per90|defcon_hit_rate|bonus_per90|net_transfers|rival_ownership,77,1
5,2026-09-18T07:13:33.498774+00:00,watchlist,69,Scott,BOU,MID,6.1,LIV,True,True,False,356,180,0.664,0.2856,1.0,0.0,-0.5122,0.6237,-0.3088,-0.8695,-1.0584,0.7168,1.0181,2.0545,1.8463,0.9423,-0.3514,0.6006,xgi_per90|minutes_per_app|fixture_score|fdr_next3|fdr_next1|points_per_million|form|defcon_surplus_per90|defcon_hit_rate|bonus_per90|net_transfers|rival_ownership,90,2
5,2026-09-18T07:13:33.498774+00:00,watchlist,94,Schade,BRE,MID,6.1,CHE,True,True,False,357,180,0.665,0.2573,1.0,0.0,-0.2198,0.639,-0.2168,-0.7541,-0.3358,0.9493,1.2966,-0.4246,-0.5572,1.3269,1.7109,0.2237,xgi_per90|minutes_per_app|fixture_score|fdr_next3|fdr_next1|points_per_million|form|defcon_surplus_per90|defcon_hit_rate|bonus_per90|net_transfers|rival_ownership,90,9
5,2026-09-18T07:13:33.498774+00:00,watchlist,464,Wissa,NEW,FWD,6.2,HUL,True,True,False,351,180,0.661,0.2319,1.0,0.0,0.365,0.5321,1.2381,0.9142,0.649,-0.8119,-0.7641,0.0,0.0,-0.0913,-0.0085,-0.3415,xgi_per90|minutes_per_app|fixture_score|fdr_next3|fdr_next1|points_per_million|form|defcon_surplus_per90|defcon_hit_rate|bonus_per90|net_transfers|rival_ownership,90,0
5,2026-09-18T07:13:33.498774+00:00,watchlist,335,Stach,LEE,MID,6.0,CRY,True,True,False,357,180,0.665,0.227,1.0,0.0,-0.3173,0.639,-0.4128,-0.9696,0.4422,0.0687,0.1827,2.8645,1.8463,0.125,-0.4047,0.6006,xgi_per90|minutes_per_app|fixture_score|fdr_next3|fdr_next1|points_per_million|form|defcon_surplus_per90|defcon_hit_rate|bonus_per90|net_transfers|rival_ownership,90,5
5,2026-09-18T07:13:33.498774+00:00,watchlist,449,Hall,NEW,DEF,5.2,HUL,True,True,False,359,180,0.666,0.2249,1.0,0.0,-1.0482,0.6847,1.4725,1.3829,1.2491,-0.0793,-0.3743,0.3377,0.8228,-0.0192,0.1423,0.0353,xgi_per90|minutes_per_app|fixture_score|fdr_next3|fdr_next1|points_per_million|form|defcon_surplus_per90|defcon_hit_rate|bonus_per90|net_transfers|rival_ownership,90,13
5,2026-09-18T07:13:33.498774+00:00,watchlist,569,Gonzalo,FUL,FWD,6.0,MUN,True,True,False,346,180,0.658,0.2094,1.0,0.0,0.6574,0.4329,1.4926,1.1484,-0.6363,-1.1078,-1.2097,0.0,0.0,-0.9087,-0.5657,0.6006,xgi_per90|minutes_per_app|fixture_score|fdr_next3|fdr_next1|points_per_million|form|defcon_surplus_per90|defcon_hit_rate|bonus_per90|net_transfers|rival_ownership,79,2
5,2026-09-18T07:13:33.498774+00:00,watchlist,15,Ødegaard,ARS,MID,6.8,BHA,False,True,False,305,180,0.629,0.1621,1.0,0.0,0.9011,-0.3531,-0.6648,-0.6539,0.209,0.28,0.9067,-0.4001,-0.5572,1.6635,0.8126,-0.7183,xgi_per90|minutes_per_app|fixture_score|fdr_next3|fdr_next1|points_per_million|form|defcon_surplus_per90|defcon_hit_rate|bonus_per90|net_transfers|rival_ownership,72,2
5,2026-09-18T07:13:33.498774+00:00,watchlist,453,Barnes,NEW,MID,6.0,HUL,True,True,False,360,180,0.667,0.156,1.0,0.0,-0.5609,0.7,1.2192,0.7183,0.4813,-0.2836,-0.2072,-0.4246,-0.5572,-0.2837,0.4121,0.6006,xgi_per90|minutes_per_app|fixture_score|fdr_next3|fdr_next1|points_per_million|form|defcon_surplus_per90|defcon_hit_rate|bonus_per90|net_transfers|rival_ownership,90,9
5,2026-09-18T07:13:33.498774+00:00,watchlist,236,Dewsbury-Hall,EVE,MID,6.5,IPS,True,True,False,360,180,0.667,0.1455,1.0,0.0,-0.366,0.7,1.1232,0.5422,1.1963,-0.671,-0.5414,-0.4246,-0.5572,0.125,0.285,0.4122,xgi_per90|minutes_per_app|fixture_score|fdr_next3|fdr_next1|points_per_million|form|defcon_surplus_per90|defcon_hit_rate|bonus_per90|net_transfers|rival_ownership,90,3
5,2026-09-18T07:13:33.498774+00:00,watchlist,295,McBurnie,HUL,FWD,5.5,NEW,False,True,False,351,180,0.661,0.1333,1.0,0.0,-0.1223,0.5321,1.2258,1.4939,1.2179,-0.981,-1.2097,0.0,0.0,-0.9087,-0.2959,0.6006,xgi_per90|minutes_per_app|fixture_score|fdr_next3|fdr_next1|points_per_million|form|defcon_surplus_per90|defcon_hit_rate|bonus_per90|net_transfers|rival_ownership,90,1
5,2026-09-18T07:13:33.498774+00:00,watchlist,330,Bogle,LEE,DEF,4.6,CRY,True,True,False,299,180,0.624,0.1261,1.0,0.0,-0.366,-0.4599,-1.0497,-2.0171,-0.0643,3.1472,2.2434,-0.6328,-0.9934,1.5433,1.4405,0.4122,xgi_per90|minutes_per_app|fixture_score|fdr_next3|fdr_next1|points_per_million|form|defcon_surplus_per90|defcon_hit_rate|bonus_per90|net_transfers|rival_ownership,66,5
5,2026-09-18T07:13:33.498774+00:00,watchlist,233,Mykolenko,EVE,DEF,4.5,IPS,True,True,False,360,180,0.667,0.1155,1.0,0.0,-1.5356,0.7,0.8597,0.5241,0.5277,0.9281,0.1827,0.0799,0.8228,-0.0192,0.6921,0.4122,xgi_per90|minutes_per_app|fixture_score|fdr_next3|fdr_next1|points_per_million|form|defcon_surplus_per90|defcon_hit_rate|bonus_per90|net_transfers|rival_ownership,90,5
5,2026-09-18T07:13:33.498774+00:00,watchlist,279,Ajayi,HUL,DEF,4.2,NEW,False,True,False,333,180,0.649,0.1138,1.0,0.0,-1.097,0.1811,0.3979,1.1124,0.7897,1.844,0.7396,-0.6631,-0.9934,-0.3558,0.5895,0.6006,xgi_per90|minutes_per_app|fixture_score|fdr_next3|fdr_next1|points_per_million|form|defcon_surplus_per90|defcon_hit_rate|bonus_per90|net_transfers|rival_ownership,90,1
5,2026-09-18T07:13:33.498774+00:00,watchlist,40,Rogers,CHE,MID,7.7,BRE,False,True,False,347,180,0.658,0.1036,1.0,0.0,0.9011,0.4558,-0.4768,-0.8239,-0.7507,-0.044,0.9067,-0.4246,-0.5572,-0.2596,3.1751,-1.8488,xgi_per90|minutes_per_app|fixture_score|fdr_next3|fdr_next1|points_per_million|form|defcon_surplus_per90|defcon_hit_rate|bonus_per90|net_transfers|rival_ownership,90,2
5,2026-09-18T07:13:33.498774+00:00,watchlist,282,Giles,HUL,DEF,4.0,NEW,False,True,False,354,180,0.663,0.0549,1.0,0.0,-1.3406,0.5855,0.3979,1.1124,0.7897,1.7101,0.4612,-0.6782,-1.0484,-0.4038,0.3264,0.4122,xgi_per90|minutes_per_app|fixture_score|fdr_next3|fdr_next1|points_per_million|form|defcon_surplus_per90|defcon_hit_rate|bonus_per90|net_transfers|rival_ownership,90,0
5,2026-09-18T07:13:33.498774+00:00,watchlist,316,Emersonn,IPS,FWD,5.5,EVE,False,True,False,237,180,0.568,0.0355,1.0,0.0,1.0473,-1.6503,-0.9089,-1.4101,-1.0841,0.5548,0.4612,0.0,0.0,2.4087,0.4124,0.6006,xgi_per90|minutes_per_app|fixture_score|fdr_next3|fdr_next1|points_per_million|form|defcon_surplus_per90|defcon_hit_rate|bonus_per90|net_transfers|rival_ownership,80,2
5,2026-09-18T07:13:33.498774+00:00,watchlist,242,George,EVE,MID,5.5,IPS,True,True,False,298,180,0.623,0.0103,1.0,0.0,-0.5609,-0.4828,1.1232,0.5422,1.1963,-0.2131,-0.3743,-0.4001,-0.5572,0.3413,-0.1441,0.6006,xgi_per90|minutes_per_app|fixture_score|fdr_next3|fdr_next1|points_per_million|form|defcon_surplus_per90|defcon_hit_rate|bonus_per90|net_transfers|rival_ownership,11,1
5,2026-09-18T07:13:33.498774+00:00,watchlist,379,Isak,LIV,FWD,9.1,BOU,False,True,False,333,180,0.649,-0.0242,1.0,0.0,1.5346,0.1811,-2.1199,-1.4716,-0.2149,-0.5794,0.5725,0.0,0.0,1.2308,-0.9795,-0.5299,xgi_per90|minutes_per_app|fixture_score|fdr_next3|fdr_next1|points_per_million|form|defcon_surplus_per90|defcon_hit_rate|bonus_per90|net_transfers|rival_ownership,80,8
5,2026-09-18T07:13:33.498774+00:00,watchlist,447,Botman,NEW,DEF,5.0,HUL,True,True,False,360,180,0.667,-0.0324,1.0,0.0,-1.5356,0.7,1.4725,1.3829,1.2491,-0.9669,-1.3211,1.0958,0.8228,-1.2212,-0.3401,0.6006,xgi_per90|minutes_per_app|fixture_score|fdr_next3|fdr_next1|points_per_million|form|defcon_surplus_per90|defcon_hit_rate|bonus_per90|net_transfers|rival_ownership,90,4
5,2026-09-18T07:13:33.498774+00:00,watchlist,86,Lewis-Potter,BRE,MID,5.5,CHE,True,True,False,326,180,0.644,-0.0343,1.0,0.0,0.4137,0.0514,-0.2168,-0.7541,-0.3358,-0.0863,-0.2072,-0.4001,-0.5572,0.2452,-0.5454,0.6006,xgi_per90|minutes_per_app|fixture_score|fdr_next3|fdr_next1|points_per_million|form|defcon_surplus_per90|defcon_hit_rate|bonus_per90|net_transfers|rival_ownership,80,3
5,2026-09-18T07:13:33.498774+00:00,watchlist,290,Slater,HUL,MID,4.5,NEW,False,True,False,360,180,0.667,-0.0356,1.0,0.0,-0.7558,0.7,1.2072,1.3194,0.8899,-0.4808,-1.0983,-0.4246,-0.5572,-1.0769,-0.3224,0.2237,xgi_per90|minutes_per_app|fixture_score|fdr_next3|fdr_next1|points_per_million|form|defcon_surplus_per90|defcon_hit_rate|bonus_per90|net_transfers|rival_ownership,77,2
5,2026-09-18T07:13:33.498774+00:00,watchlist,214,Kamada,CRY,MID,5.0,LEE,False,True,False,351,180,0.661,-0.0407,1.0,0.0,-0.902,0.5321,0.0712,0.9915,0.6629,0.0194,-0.3743,0.4099,0.6082,-1.0769,-0.2585,0.6006,xgi_per90|minutes_per_app|fixture_score|fdr_next3|fdr_next1|points_per_million|form|defcon_surplus_per90|defcon_hit_rate|bonus_per90|net_transfers|rival_ownership,90,3
5,2026-09-18T07:13:33.498774+00:00,watchlist,230,Branthwaite,EVE,DEF,5.5,IPS,True,True,False,360,180,0.667,-0.077,1.0,0.0,-1.4868,0.7,0.8597,0.5241,0.5277,-0.0863,-0.2072,0.0799,0.8228,-1.2212,-0.1497,0.6006,xgi_per90|minutes_per_app|fixture_score|fdr_next3|fdr_next1|points_per_million|form|defcon_surplus_per90|defcon_hit_rate|bonus_per90|net_transfers|rival_ownership,90,8
5,2026-09-18T07:13:33.498774+00:00,watchlist,428,Cunha,MUN,MID,7.9,FUL,False,True,False,317,180,0.638,-0.0844,1.0,0.0,-0.2685,-0.1241,0.6072,1.2435,0.8874,-1.0867,-0.6527,-0.4001,-0.5572,-0.5962,-0.7481,0.6006,xgi_per90|minutes_per_app|fixture_score|fdr_next3|fdr_next1|points_per_million|form|defcon_surplus_per90|defcon_hit_rate|bonus_per90|net_transfers|rival_ownership,90,10
5,2026-09-18T07:13:33.498774+00:00,watchlist,391,Gvardiol,MCI,DEF,5.7,SUN,True,True,False,344,180,0.656,-0.0897,1.0,0.0,-1.3894,0.3948,-1.103,-0.6994,-0.4046,1.5622,1.6864,-0.6631,-0.9934,1.2788,2.5441,-0.3415,xgi_per90|minutes_per_app|fixture_score|fdr_next3|fdr_next1|points_per_million|form|defcon_surplus_per90|defcon_hit_rate|bonus_per90|net_transfers|rival_ownership,90,4
5,2026-09-18T07:13:33.498774+00:00,watchlist,26,Havertz,ARS,FWD,7.6,BHA,False,True,False,347,180,0.658,-0.1169,1.0,0.0,0.1213,0.4558,-0.6954,-0.409,0.2697,-0.9387,-0.5414,0.0,0.0,-0.0913,-0.2445,0.6006,xgi_per90|minutes_per_app|fixture_score|fdr_next3|fdr_next1|points_per_million|form|defcon_surplus_per90|defcon_hit_rate|bonus_per90|net_transfers|rival_ownership,90,2
5,2026-09-18T07:13:33.498774+00:00,watchlist,432,Mainoo,MUN,MID,5.5,FUL,False,True,False,275,180,0.604,-0.1227,1.0,0.0,-0.4635,-0.9177,0.6072,1.2435,0.8874,-0.2131,-0.3743,3.0118,2.7932,-0.0192,-0.2136,0.6006,xgi_per90|minutes_per_app|fixture_score|fdr_next3|fdr_next1|points_per_million|form|defcon_surplus_per90|defcon_hit_rate|bonus_per90|net_transfers|rival_ownership,79,4
5,2026-09-18T07:13:33.498774+00:00,watchlist,305,Davis,IPS,DEF,4.0,EVE,False,True,False,360,180,0.667,-0.1228,1.0,0.0,-0.366,0.7,-0.4991,-1.5818,-0.67,1.534,0.3498,-0.6782,-1.0484,-0.8125,0.6307,0.4122,xgi_per90|minutes_per_app|fixture_score|fdr_next3|fdr_next1|points_per_million|form|defcon_surplus_per90|defcon_hit_rate|bonus_per90|net_transfers|rival_ownership,90,2
5,2026-09-18T07:13:33.498774+00:00,watchlist,542,E.Le Fée,SUN,MID,5.8,MCI,False,True,False,348,180,0.659,-0.1456,1.0,0.0,1.1447,0.4711,-0.3288,-1.2307,-1.438,-0.9387,-1.0983,-0.4246,-0.5572,-0.6683,-0.8164,0.4122,xgi_per90|minutes_per_app|fixture_score|fdr_next3|fdr_next1|points_per_million|form|defcon_surplus_per90|defcon_hit_rate|bonus_per90|net_transfers|rival_ownership,90,5
5,2026-09-18T07:13:33.498774+00:00,watchlist,264,Bobb,FUL,MID,5.5,MUN,True,True,False,273,180,0.603,-0.149,1.0,0.0,0.2188,-0.9635,1.4672,0.9611,-0.4417,-1.2346,-1.4882,-0.3756,-0.4843,-0.9808,-0.3499,0.6006,xgi_per90|minutes_per_app|fixture_score|fdr_next3|fdr_next1|points_per_million|form|defcon_surplus_per90|defcon_hit_rate|bonus_per90|net_transfers|rival_ownership,70,3
5,2026-09-18T07:13:33.498774+00:00,watchlist,388,Guéhi,MCI,DEF,6.0,SUN,True,True,False,360,180,0.667,-0.1622,1.0,0.0,-0.6096,0.7,-1.103,-0.6994,-0.4046,0.5336,0.7396,-0.6782,-1.0484,0.3894,-0.2766,0.4122,xgi_per90|minutes_per_app|fixture_score|fdr_next3|fdr_next1|points_per_million|form|defcon_surplus_per90|defcon_hit_rate|bonus_per90|net_transfers|rival_ownership,90,4
5,2026-09-18T07:13:33.498774+00:00,watchlist,154,Palmer,CHE,MID,9.7,BRE,False,True,False,352,180,0.662,-0.1638,1.0,0.0,0.2188,0.5474,-0.4768,-0.8239,-0.7507,-0.6287,0.7396,-0.4246,-0.5572,0.149,-0.2657,-1.8488,xgi_per90|minutes_per_app|fixture_score|fdr_next3|fdr_next1|points_per_million|form|defcon_surplus_per90|defcon_hit_rate|bonus_per90|net_transfers|rival_ownership,90,2
5,2026-09-18T07:13:33.498774+00:00,watchlist,43,Tielemans,MUN,MID,5.8,FUL,False,True,False,312,180,0.634,-0.1741,1.0,0.0,-0.4147,-0.2157,0.6072,1.2435,0.8874,-1.305,-1.4882,0.0417,0.6082,-1.0288,-0.4359,0.6006,xgi_per90|minutes_per_app|fixture_score|fdr_next3|fdr_next1|points_per_million|form|defcon_surplus_per90|defcon_hit_rate|bonus_per90|net_transfers|rival_ownership,90,4
5,2026-09-18T07:13:33.498774+00:00,watchlist,258,Castagne,FUL,DEF,4.5,MUN,True,True,False,318,180,0.639,-0.178,1.0,0.0,-0.7071,-0.1012,1.1261,0.1829,-2.0616,0.4561,-0.2072,-0.6479,-0.9934,-1.1971,-0.3082,0.6006,xgi_per90|minutes_per_app|fixture_score|fdr_next3|fdr_next1|points_per_million|form|defcon_surplus_per90|defcon_hit_rate|bonus_per90|net_transfers|rival_ownership,90,1
5,2026-09-18T07:13:33.498774+00:00,watchlist,115,De Cuyper,BHA,DEF,4.9,ARS,True,True,False,333,180,0.649,-0.1851,1.0,0.0,0.0239,0.1811,-2.4529,-0.8171,-2.5107,2.0835,1.575,-0.6631,-0.9934,0.4856,1.4289,-0.7183,xgi_per90|minutes_per_app|fixture_score|fdr_next3|fdr_next1|points_per_million|form|defcon_surplus_per90|defcon_hit_rate|bonus_per90|net_transfers|rival_ownership,90,6
5,2026-09-18T07:13:33.498774+00:00,watchlist,106,Thiago,BRE,FWD,7.8,CHE,True,True,False,352,180,0.662,-0.2077,1.0,0.0,1.1447,0.5474,-0.2356,-0.5056,-0.4888,-2.0659,-2.2122,0.0,0.0,-0.9087,-1.4631,0.6006,xgi_per90|minutes_per_app|fixture_score|fdr_next3|fdr_next1|points_per_million|form|defcon_surplus_per90|defcon_hit_rate|bonus_per90|net_transfers|rival_ownership,90,5
5,2026-09-18T07:13:33.498774+00:00,watchlist,397,Semenyo,MCI,MID,8.4,SUN,True,True,False,360,180,0.667,-0.2105,1.0,0.0,-0.3173,0.7,0.1032,0.36,0.185,-1.1782,-0.6527,-0.4246,-0.5572,-1.0769,-1.1009,0.2237,xgi_per90|minutes_per_app|fixture_score|fdr_next3|fdr_next1|points_per_million|form|defcon_surplus_per90|defcon_hit_rate|bonus_per90|net_transfers|rival_ownership,90,17
5,2026-09-18T07:13:33.498774+00:00,watchlist,483,Ndoye,NFO,MID,5.5,COV,True,True,False,258,180,0.589,-0.2309,1.0,0.0,0.8523,-1.2459,-0.7168,-0.4869,1.2733,-0.7203,-0.9312,-0.3756,-0.4843,0.0288,-0.2798,0.6006,xgi_per90|minutes_per_app|fixture_score|fdr_next3|fdr_next1|points_per_million|form|defcon_surplus_per90|defcon_hit_rate|bonus_per90|net_transfers|rival_ownership,58,1
5,2026-09-18T07:13:33.498774+00:00,watchlist,399,Cherki,MCI,MID,7.8,SUN,True,True,False,218,180,0.548,-0.2737,1.0,0.0,1.1935,-2.009,0.1032,0.36,0.185,-0.1708,0.7396,-0.351,-0.4843,1.3029,-1.148,0.2237,xgi_per90|minutes_per_app|fixture_score|fdr_next3|fdr_next1|points_per_million|form|defcon_surplus_per90|defcon_hit_rate|bonus_per90|net_transfers|rival_ownership,84,8
5,2026-09-18T07:13:33.498774+00:00,watchlist,472,Murillo,NFO,DEF,5.5,COV,True,True,False,359,180,0.666,-0.3078,1.0,0.0,-1.1457,0.6847,-1.556,-0.6171,1.113,-0.0863,-0.2072,0.8381,1.7034,-1.2212,-0.0989,0.6006,xgi_per90|minutes_per_app|fixture_score|fdr_next3|fdr_next1|points_per_million|form|defcon_surplus_per90|defcon_hit_rate|bonus_per90|net_transfers|rival_ownership,90,4
5,2026-09-18T07:13:33.498774+00:00,watchlist,204,Mitchell,CRY,DEF,4.5,LEE,False,True,False,329,180,0.646,-0.3259,1.0,0.0,-0.7558,0.1048,-0.1616,-0.2524,0.0105,0.1462,-0.5414,-0.6631,-0.9934,-0.3558,-0.6036,0.2237,xgi_per90|minutes_per_app|fixture_score|fdr_next3|fdr_next1|points_per_million|form|defcon_surplus_per90|defcon_hit_rate|bonus_per90|net_transfers|rival_ownership,90,7
5,2026-09-18T07:13:33.498774+00:00,watchlist,570,Palacios,FUL,MID,5.4,MUN,True,True,False,207,180,0.535,-0.452,1.0,0.0,0.1701,-0.9025,1.4672,0.9611,-0.4417,-1.0796,-1.3211,-0.351,-0.4843,-0.3077,-0.3464,0.6006,xgi_per90|minutes_per_app|fixture_score|fdr_next3|fdr_next1|points_per_million|form|defcon_surplus_per90|defcon_hit_rate|bonus_per90|net_transfers|rival_ownership,19,1
5,2026-09-18T07:13:33.498774+00:00,watchlist,224,Nketiah,CRY,FWD,5.5,LEE,False,True,False,167,180,0.481,-0.4749,1.0,0.0,1.7295,-1.9174,0.0599,1.1777,0.9018,-1.6221,-1.878,0.0,0.0,-0.524,-0.4771,0.6006,xgi_per90|minutes_per_app|fixture_score|fdr_next3|fdr_next1|points_per_million|form|defcon_surplus_per90|defcon_hit_rate|bonus_per90|net_transfers|rival_ownership,8,1
5,2026-09-18T07:13:33.498774+00:00,watchlist,367,Gakpo,LIV,MID,7.2,BOU,False,True,False,280,180,0.609,-0.5404,1.0,0.0,0.4625,-0.8262,-2.0528,-1.7559,-0.1391,0.3223,1.1295,-0.4001,0.6082,1.375,-0.3635,0.6006,xgi_per90|minutes_per_app|fixture_score|fdr_next3|fdr_next1|points_per_million|form|defcon_surplus_per90|defcon_hit_rate|bonus_per90|net_transfers|rival_ownership,90,3
5,2026-09-18T07:13:33.498774+00:00,watchlist,237,Ndiaye,MCI,MID,5.9,SUN,True,True,False,311,180,0.633,-0.5495,1.0,0.0,-0.5609,-0.231,0.1032,0.36,0.185,-0.4878,-0.5414,0.0417,1.7735,-0.5962,-1.1533,0.4122,xgi_per90|minutes_per_app|fixture_score|fdr_next3|fdr_next1|points_per_million|form|defcon_surplus_per90|defcon_hit_rate|bonus_per90|net_transfers|rival_ownership,74,5
5,2026-09-18T07:13:33.498774+00:00,watchlist,588,Khalaili,CRY,DEF,5.0,LEE,False,True,False,289,180,0.616,-0.7259,1.0,0.0,-0.4147,-0.6583,-0.1616,-0.2524,0.0105,-0.6851,-1.0983,0.5348,0.7677,-1.149,-0.3389,0.6006,xgi_per90|minutes_per_app|fixture_score|fdr_next3|fdr_next1|points_per_million|form|defcon_surplus_per90|defcon_hit_rate|bonus_per90|net_transfers|rival_ownership,90,6
5,2026-09-18T07:13:33.498774+00:00,watchlist,211,Yeremy,CRY,MID,5.5,LEE,False,True,False,226,180,0.557,-0.8189,1.0,0.0,-0.1711,-1.8563,0.0712,0.9915,0.6629,-0.981,-1.2097,-0.351,-0.4843,-0.9087,-0.4039,0.6006,xgi_per90|minutes_per_app|fixture_score|fdr_next3|fdr_next1|points_per_million|form|defcon_surplus_per90|defcon_hit_rate|bonus_per90|net_transfers|rival_ownership,81,2
5,2026-09-18T07:13:33.498774+00:00,watchlist,605,Yalcouyé,BHA,MID,4.5,ARS,True,True,False,231,180,0.562,-0.8718,1.0,0.0,0.7549,-1.7571,-1.7168,-1.2277,-2.3976,0.4561,-0.2072,-0.351,-0.4843,-0.3798,0.1452,0.4122,xgi_per90|minutes_per_app|fixture_score|fdr_next3|fdr_next1|points_per_million|form|defcon_surplus_per90|defcon_hit_rate|bonus_per90|net_transfers|rival_ownership,5,1
5,2026-09-18T07:13:33.498774+00:00,watchlist,460,Willock,NEW,MID,5.0,HUL,True,True,False,198,180,0.524,-1.057,1.0,0.0,0.1213,-2.3905,1.2192,0.7183,0.4813,-0.826,-1.2097,-0.3265,-0.4115,-0.8365,-0.3525,0.6006,xgi_per90|minutes_per_app|fixture_score|fdr_next3|fdr_next1|points_per_million|form|defcon_surplus_per90|defcon_hit_rate|bonus_per90|net_transfers|rival_ownership,86,10
5,2026-09-18T07:13:33.498774+00:00,watchlist,649,Maitland-Niles,EVE,DEF,4.5,IPS,True,True,False,87,180,0.326,-1.175,1.0,0.0,-0.9995,-2.8483,0.8597,0.5241,0.5277,-0.4808,0.7396,-0.3295,-0.4981,-0.7885,-0.0981,0.6006,xgi_per90|minutes_per_app|fixture_score|fdr_next3|fdr_next1|points_per_million|form|defcon_surplus_per90|defcon_hit_rate|bonus_per90|net_transfers|rival_ownership,90,8
5,2026-09-18T07:13:33.498774+00:00,watchlist,553,Isidor,SUN,FWD,5.5,MCI,False,True,False,95,180,0.345,-1.7494,1.0,0.0,2.4118,-4.3516,-0.3506,-0.9652,-2.0235,-0.7203,-0.9312,0.0,0.0,2.1442,-0.4457,0.6006,xgi_per90|minutes_per_app|fixture_score|fdr_next3|fdr_next1|points_per_million|form|defcon_surplus_per90|defcon_hit_rate|bonus_per90|net_transfers|rival_ownership,22,1
